Account,date,daily_pnl,total_trades,winning_trades,avg_trade_size,total_volume,long_trades,short_trades,win_rate,long_short_ratio,value,classification,sentiment,frequency_segment,size_segment,consistency_segment
0x083384f897ee0f19899168e3b1bec365f52a9012,2024-06-12,-175611.00005600002,33,0,36736.36242424243,1212299.96,33,0,0.0,,72,Greed,Greed,Frequent,Large Positions,Consistent
0x083384f897ee0f19899168e3b1bec365f52a9012,2024-11-11,0.0,177,0,5089.718248587571,900880.13,0,177,0.0,0.0,76,Extreme Greed,Greed,Frequent,Large Positions,Consistent
0x083384f897ee0f19899168e3b1bec365f52a9012,2025-01-03,9482.221441,45,36,2985.797555555556,134360.89,36,9,0.8,4.0,74,Greed,Greed,Frequent,Large Positions,Consistent
0x083384f897ee0f19899168e3b1bec365f52a9012,2025-02-02,76710.0,10,9,185847.0,1858470.0,9,1,0.9,9.0,60,Greed,Greed,Frequent,Large Positions,Consistent
0x083384f897ee0f19899168e3b1bec365f52a9012,2025-03-02,101011.685664,839,256,23593.019856972587,19794543.66,350,489,0.30512514898688914,0.7157464212678937,26,Fear,Fear,Frequent,Large Positions,Consistent
0x083384f897ee0f19899168e3b1bec365f52a9012,2025-03-03,533974.662903,641,540,8371.136099843994,5365898.24,540,101,0.8424336973478939,5.346534653465347,33,Fear,Fear,Frequent,Large Positions,Consistent
0x083384f897ee0f19899168e3b1bec365f52a9012,2025-04-02,375620.270243,531,83,10576.687156308852,5616220.88,111,420,0.15630885122410546,0.2642857142857143,44,Fear,Fear,Frequent,Large Positions,Consistent
0x083384f897ee0f19899168e3b1bec365f52a9012,2025-05-02,44400.9058,210,78,26585.06338095238,5582863.31,78,132,0.37142857142857144,0.5909090909090909,67,Greed,Greed,Frequent,Large Positions,Consistent
0x23e7a7f8d14b550961925fbfdaa92f5d195ba5bd,2024-01-12,0.0,1,0,0.06,0.06,0,1,0.0,0.0,71,Greed,Greed,Frequent,Large Positions,Consistent
0x23e7a7f8d14b550961925fbfdaa92f5d195ba5bd,2024-06-12,0.0,34,0,1426.8700000000001,48513.58,34,0,0.0,,72,Greed,Greed,Frequent,Large Positions,Consistent
0x23e7a7f8d14b550961925fbfdaa92f5d195ba5bd,2024-07-12,3515.031065,26,25,2001.101153846154,52028.630000000005,0,26,0.9615384615384616,0.0,25,Fear,Fear,Frequent,Large Positions,Consistent
0x23e7a7f8d14b550961925fbfdaa92f5d195ba5bd,2024-09-12,0.0,46,0,1131.888695652174,52066.88,46,0,0.0,,31,Fear,Fear,Frequent,Large Positions,Consistent
0x23e7a7f8d14b550961925fbfdaa92f5d195ba5bd,2024-10-12,2517.787385,64,63,852.88625,54584.72,0,64,0.984375,0.0,49,Neutral,Greed,Frequent,Large Positions,Consistent
0x23e7a7f8d14b550961925fbfdaa92f5d195ba5bd,2025-01-02,1162.002541,78,25,2094.719358974359,163388.11,53,25,0.32051282051282054,2.12,70,Greed,Greed,Frequent,Large Positions,Consistent
0x23e7a7f8d14b550961925fbfdaa92f5d195ba5bd,2025-01-05,1243.853569,250,81,815.50576,203876.44,169,81,0.324,2.0864197530864197,72,Greed,Greed,Frequent,Large Positions,Consistent
0x23e7a7f8d14b550961925fbfdaa92f5d195ba5bd,2025-02-02,6352.452613,517,233,2792.42166344294,1443682.0,270,247,0.4506769825918762,1.0931174089068827,60,Greed,Greed,Frequent,Large Positions,Consistent
0x23e7a7f8d14b550961925fbfdaa92f5d195ba5bd,2025-03-03,2480.902379,110,50,1999.099181818182,219900.91,60,50,0.45454545454545453,1.2,33,Fear,Fear,Frequent,Large Positions,Consistent
0x23e7a7f8d14b550961925fbfdaa92f5d195ba5bd,2025-03-04,0.0,1,0,54768.6,54768.6,1,0,0.0,,15,Extreme Fear,Fear,Frequent,Large Positions,Consistent
0x23e7a7f8d14b550961925fbfdaa92f5d195ba5bd,2025-04-03,-3169.3554679999997,65,0,1756.5103076923076,114173.17,55,10,0.0,5.5,25,Fear,Fear,Frequent,Large Positions,Consistent
0x271b280974205ca63b716753467d5a371de622ab,2024-05-12,208.81746,4,3,39530.9875,158123.95,3,1,0.75,3.0,56,Greed,Greed,Infrequent,Large Positions,Inconsistent
0x28736f43f1e871e6aa8b1148d38d4994275d72c4,2024-01-12,4458.25495,193,97,247.12725388601035,47695.56,66,127,0.5025906735751295,0.5196850393700787,71,Greed,Greed,Frequent,Small Positions,Consistent
0x28736f43f1e871e6aa8b1148d38d4994275d72c4,2024-02-12,1283.846047,140,73,140.36935714285713,19651.71,70,70,0.5214285714285715,1.0,70,Greed,Greed,Frequent,Small Positions,Consistent
0x28736f43f1e871e6aa8b1148d38d4994275d72c4,2024-03-12,1190.358719,78,37,92.37217948717948,7205.03,28,50,0.47435897435897434,0.56,81,Extreme Greed,Greed,Frequent,Small Positions,Consistent
0x28736f43f1e871e6aa8b1148d38d4994275d72c4,2024-04-12,9066.169646,112,60,165.78285714285715,18567.68,30,82,0.5357142857142857,0.36585365853658536,79,Extreme Greed,Greed,Frequent,Small Positions,Consistent
0x28736f43f1e871e6aa8b1148d38d4994275d72c4,2024-05-12,14685.787664,98,48,259.2459183673469,25406.1,33,65,0.4897959183673469,0.5076923076923077,56,Greed,Greed,Frequent,Small Positions,Consistent
0x28736f43f1e871e6aa8b1148d38d4994275d72c4,2024-06-12,389.176232,69,16,129.80536231884057,8956.57,27,42,0.2318840579710145,0.6428571428571429,72,Greed,Greed,Frequent,Small Positions,Consistent
0x28736f43f1e871e6aa8b1148d38d4994275d72c4,2024-07-12,4008.012049,86,36,159.67825581395348,13732.33,20,66,0.4186046511627907,0.30303030303030304,25,Fear,Fear,Frequent,Small Positions,Consistent
0x28736f43f1e871e6aa8b1148d38d4994275d72c4,2024-08-12,554.009942,102,43,77.67176470588235,7922.52,31,71,0.4215686274509804,0.43661971830985913,25,Fear,Fear,Frequent,Small Positions,Consistent
0x28736f43f1e871e6aa8b1148d38d4994275d72c4,2024-09-12,768.430838,213,126,88.1318309859155,18772.08,169,44,0.5915492957746479,3.840909090909091,31,Fear,Fear,Frequent,Small Positions,Consistent
0x28736f43f1e871e6aa8b1148d38d4994275d72c4,2024-10-12,980.557461,157,106,119.62222929936306,18780.69,117,40,0.6751592356687898,2.925,49,Neutral,Greed,Frequent,Small Positions,Consistent
0x28736f43f1e871e6aa8b1148d38d4994275d72c4,2024-11-12,1582.001112,93,32,124.41204301075268,11570.32,16,77,0.34408602150537637,0.2077922077922078,80,Extreme Greed,Greed,Frequent,Small Positions,Consistent
0x28736f43f1e871e6aa8b1148d38d4994275d72c4,2024-12-12,5806.86932,147,82,150.14530612244897,22071.36,28,119,0.5578231292517006,0.23529411764705882,83,Extreme Greed,Greed,Frequent,Small Positions,Consistent
0x28736f43f1e871e6aa8b1148d38d4994275d72c4,2025-01-01,109.82694000000001,59,21,263.3476271186441,15537.51,44,15,0.3559322033898305,2.933333333333333,66,Greed,Greed,Frequent,Small Positions,Consistent
0x28736f43f1e871e6aa8b1148d38d4994275d72c4,2025-01-02,3.536668000000001,51,21,1057.5154901960784,53933.29,30,21,0.4117647058823529,1.4285714285714286,70,Greed,Greed,Frequent,Small Positions,Consistent
0x28736f43f1e871e6aa8b1148d38d4994275d72c4,2025-01-03,557.9358,37,14,840.2127027027027,31087.87,18,19,0.3783783783783784,0.9473684210526315,74,Greed,Greed,Frequent,Small Positions,Consistent
0x28736f43f1e871e6aa8b1148d38d4994275d72c4,2025-01-04,768.351892,41,27,422.4107317073171,17318.84,14,27,0.6585365853658537,0.5185185185185185,73,Greed,Greed,Frequent,Small Positions,Consistent
0x28736f43f1e871e6aa8b1148d38d4994275d72c4,2025-01-05,16.923621,2,2,135.32,270.64,0,2,1.0,0.0,72,Greed,Greed,Frequent,Small Positions,Consistent
0x28736f43f1e871e6aa8b1148d38d4994275d72c4,2025-02-01,416.546688,101,46,217.69336633663366,21987.03,25,76,0.45544554455445546,0.32894736842105265,68,Greed,Greed,Frequent,Small Positions,Consistent
0x28736f43f1e871e6aa8b1148d38d4994275d72c4,2025-02-02,-1416.906536,91,5,1328.6620879120878,120908.25,80,11,0.054945054945054944,7.2727272727272725,60,Greed,Greed,Frequent,Small Positions,Consistent
0x28736f43f1e871e6aa8b1148d38d4994275d72c4,2025-02-03,8330.21747,73,56,1432.3072602739728,104558.43000000001,18,55,0.7671232876712328,0.32727272727272727,44,Fear,Fear,Frequent,Small Positions,Consistent
0x28736f43f1e871e6aa8b1148d38d4994275d72c4,2025-02-04,669.381363,70,42,414.13428571428574,28989.4,27,43,0.6,0.627906976744186,72,Greed,Greed,Frequent,Small Positions,Consistent
0x28736f43f1e871e6aa8b1148d38d4994275d72c4,2025-03-01,250.581483,69,36,217.15115942028987,14983.43,34,35,0.5217391304347826,0.9714285714285714,20,Extreme Fear,Fear,Frequent,Small Positions,Consistent
0x28736f43f1e871e6aa8b1148d38d4994275d72c4,2025-03-02,439.634046,75,45,1251.5914666666667,93869.36,27,48,0.6,0.5625,26,Fear,Fear,Frequent,Small Positions,Consistent
0x28736f43f1e871e6aa8b1148d38d4994275d72c4,2025-03-03,494.669357,58,21,536.928448275862,31141.85,48,10,0.3620689655172414,4.8,33,Fear,Fear,Frequent,Small Positions,Consistent
0x28736f43f1e871e6aa8b1148d38d4994275d72c4,2025-03-04,149.51234499999998,85,10,453.3190588235294,38532.12,64,21,0.11764705882352941,3.0476190476190474,15,Extreme Fear,Fear,Frequent,Small Positions,Consistent
0x28736f43f1e871e6aa8b1148d38d4994275d72c4,2025-04-01,232.66549799999999,81,40,156.68296296296296,12691.32,32,49,0.49382716049382713,0.6530612244897959,34,Fear,Fear,Frequent,Small Positions,Consistent
0x28736f43f1e871e6aa8b1148d38d4994275d72c4,2025-04-02,1291.500575,48,17,1139.6597916666667,54703.67,31,17,0.3541666666666667,1.8235294117647058,44,Fear,Fear,Frequent,Small Positions,Consistent
0x28736f43f1e871e6aa8b1148d38d4994275d72c4,2025-04-03,163.73415,43,13,1091.9493023255814,46953.82,42,1,0.3023255813953488,42.0,25,Fear,Fear,Frequent,Small Positions,Consistent
0x28736f43f1e871e6aa8b1148d38d4994275d72c4,2025-04-04,498.73528200000004,100,56,280.5443,28054.43,33,67,0.56,0.4925373134328358,28,Fear,Fear,Frequent,Small Positions,Consistent
0x28736f43f1e871e6aa8b1148d38d4994275d72c4,2025-05-01,87.752181,82,44,101.1840243902439,8297.09,39,43,0.5365853658536586,0.9069767441860465,53,Neutral,Greed,Frequent,Small Positions,Consistent
0x28736f43f1e871e6aa8b1148d38d4994275d72c4,2025-05-02,696.8107239999999,83,37,912.4063855421687,75729.73,45,38,0.4457831325301205,1.1842105263157894,67,Greed,Greed,Frequent,Small Positions,Consistent
0x2c229d22b100a7beb69122eed721cee9b24011dd,2024-01-11,-0.09906000000000104,14,4,2139.280714285714,29949.93,6,8,0.2857142857142857,0.75,76,Extreme Greed,Greed,Infrequent,Small Positions,Consistent
0x2c229d22b100a7beb69122eed721cee9b24011dd,2024-02-12,16196.864846,53,30,2348.7403773584906,124483.23999999999,23,30,0.5660377358490566,0.7666666666666667,70,Greed,Greed,Infrequent,Small Positions,Consistent
0x2c229d22b100a7beb69122eed721cee9b24011dd,2024-03-12,121.535562,59,14,1685.5867796610169,99449.62,33,26,0.23728813559322035,1.2692307692307692,81,Extreme Greed,Greed,Infrequent,Small Positions,Consistent
0x2c229d22b100a7beb69122eed721cee9b24011dd,2024-04-12,7591.307059,37,25,3426.9959459459456,126798.84999999999,12,25,0.6756756756756757,0.48,79,Extreme Greed,Greed,Infrequent,Small Positions,Consistent
0x2c229d22b100a7beb69122eed721cee9b24011dd,2024-05-12,2069.92634,33,30,890.1048484848485,29373.46,3,30,0.9090909090909091,0.1,56,Greed,Greed,Infrequent,Small Positions,Consistent
0x2c229d22b100a7beb69122eed721cee9b24011dd,2024-06-11,-3.41119,3,0,666.84,2000.52,1,2,0.0,0.5,74,Greed,Greed,Infrequent,Small Positions,Consistent
0x2c229d22b100a7beb69122eed721cee9b24011dd,2024-06-12,-123.870122,9,0,2324.0444444444447,20916.4,5,4,0.0,1.25,72,Greed,Greed,Infrequent,Small Positions,Consistent
0x2c229d22b100a7beb69122eed721cee9b24011dd,2024-08-11,-710.786946,15,0,2003.9206666666666,30058.81,5,10,0.0,0.5,39,Fear,Fear,Infrequent,Small Positions,Consistent
0x2c229d22b100a7beb69122eed721cee9b24011dd,2024-10-12,130.883691,12,7,1585.4033333333334,19024.84,5,7,0.5833333333333334,0.7142857142857143,49,Neutral,Greed,Infrequent,Small Positions,Consistent
0x2c229d22b100a7beb69122eed721cee9b24011dd,2024-11-12,8544.6855,19,10,6550.684736842106,124463.01000000001,9,10,0.5263157894736842,0.9,80,Extreme Greed,Greed,Infrequent,Small Positions,Consistent
0x2c229d22b100a7beb69122eed721cee9b24011dd,2024-12-12,7639.595794,62,39,5565.801451612903,345079.69,23,39,0.6290322580645161,0.5897435897435898,83,Extreme Greed,Greed,Infrequent,Small Positions,Consistent
0x2c229d22b100a7beb69122eed721cee9b24011dd,2025-01-02,88.50699399999999,21,12,5610.000952380952,117810.02,5,16,0.5714285714285714,0.3125,70,Greed,Greed,Infrequent,Small Positions,Consistent
0x2c229d22b100a7beb69122eed721cee9b24011dd,2025-01-04,1334.414834,9,4,1193.0444444444445,10737.4,5,4,0.4444444444444444,1.25,73,Greed,Greed,Infrequent,Small Positions,Consistent
0x2c229d22b100a7beb69122eed721cee9b24011dd,2025-02-04,1.1031579999999999,6,2,395.24,2371.44,3,3,0.3333333333333333,1.0,72,Greed,Greed,Infrequent,Small Positions,Consistent
0x2c229d22b100a7beb69122eed721cee9b24011dd,2025-03-04,160.127816,26,19,739.3319230769231,19222.63,7,19,0.7307692307692307,0.3684210526315789,15,Extreme Fear,Fear,Infrequent,Small Positions,Consistent
0x3998f134d6aaa2b6a5f723806d00fd2bbbbce891,2023-01-05,0.0,3,0,159.0,477.0,3,0,0.0,,29,Fear,Fear,Infrequent,Small Positions,Inconsistent
0x3998f134d6aaa2b6a5f723806d00fd2bbbbce891,2024-01-08,0.0,1,0,0.74,0.74,0,1,0.0,0.0,71,Greed,Greed,Infrequent,Small Positions,Inconsistent
0x3998f134d6aaa2b6a5f723806d00fd2bbbbce891,2024-01-12,13.566929,3,2,11.366666666666667,34.1,1,2,0.6666666666666666,0.5,71,Greed,Greed,Infrequent,Small Positions,Inconsistent
0x3998f134d6aaa2b6a5f723806d00fd2bbbbce891,2024-02-12,0.0,1,0,0.0,0.0,0,1,0.0,0.0,70,Greed,Greed,Infrequent,Small Positions,Inconsistent
0x3998f134d6aaa2b6a5f723806d00fd2bbbbce891,2024-03-08,0.0,1,0,0.65,0.65,0,1,0.0,0.0,81,Extreme Greed,Greed,Infrequent,Small Positions,Inconsistent
0x3998f134d6aaa2b6a5f723806d00fd2bbbbce891,2024-04-08,0.0,1,0,0.01,0.01,0,1,0.0,0.0,76,Extreme Greed,Greed,Infrequent,Small Positions,Inconsistent
0x3998f134d6aaa2b6a5f723806d00fd2bbbbce891,2024-05-09,0.0,1,0,0.84,0.84,0,1,0.0,0.0,55,Greed,Greed,Infrequent,Small Positions,Inconsistent
0x3998f134d6aaa2b6a5f723806d00fd2bbbbce891,2024-06-08,215.754798,27,8,28.555555555555557,771.0,1,26,0.2962962962962963,0.038461538461538464,72,Greed,Greed,Infrequent,Small Positions,Inconsistent
0x3998f134d6aaa2b6a5f723806d00fd2bbbbce891,2024-07-08,0.0,11,0,0.0036363636363636364,0.04,0,11,0.0,0.0,28,Fear,Fear,Infrequent,Small Positions,Inconsistent
0x3998f134d6aaa2b6a5f723806d00fd2bbbbce891,2024-11-01,0.0,2,0,23066.935,46133.87,2,0,0.0,,75,Extreme Greed,Greed,Infrequent,Small Positions,Inconsistent
0x39cef799f8b69da1995852eea189df24eb5cae3c,2024-01-12,0.0,1,0,199.81,199.81,0,1,0.0,0.0,71,Greed,Greed,Infrequent,Large Positions,Inconsistent
0x39cef799f8b69da1995852eea189df24eb5cae3c,2024-03-12,0.0,1,0,209.94,209.94,0,1,0.0,0.0,81,Extreme Greed,Greed,Infrequent,Large Positions,Inconsistent
0x39cef799f8b69da1995852eea189df24eb5cae3c,2024-05-12,0.0,6,0,10238.081666666667,61428.49,6,0,0.0,,56,Greed,Greed,Infrequent,Large Positions,Inconsistent
0x39cef799f8b69da1995852eea189df24eb5cae3c,2024-06-12,0.0,20,0,1657.5529999999999,33151.06,5,15,0.0,0.3333333333333333,72,Greed,Greed,Infrequent,Large Positions,Inconsistent
0x39cef799f8b69da1995852eea189df24eb5cae3c,2024-09-12,483.662076,8,8,603.1,4824.8,8,0,1.0,,31,Fear,Fear,Infrequent,Large Positions,Inconsistent
0x39cef799f8b69da1995852eea189df24eb5cae3c,2024-10-12,0.0,3,0,22522.036666666667,67566.11,3,0,0.0,,49,Neutral,Greed,Infrequent,Large Positions,Inconsistent
0x39cef799f8b69da1995852eea189df24eb5cae3c,2024-11-12,3721.345649,4,4,40012.55,160050.2,0,4,1.0,0.0,80,Extreme Greed,Greed,Infrequent,Large Positions,Inconsistent
0x39cef799f8b69da1995852eea189df24eb5cae3c,2024-12-11,0.0,2,0,5195.3,10390.6,2,0,0.0,,74,Greed,Greed,Infrequent,Large Positions,Inconsistent
0x39cef799f8b69da1995852eea189df24eb5cae3c,2025-01-01,-9655.676981,12,5,15270.597499999998,183247.16999999998,6,6,0.4166666666666667,1.0,66,Greed,Greed,Infrequent,Large Positions,Inconsistent
0x39cef799f8b69da1995852eea189df24eb5cae3c,2025-03-01,0.0,1,0,6217.48,6217.48,1,0,0.0,,20,Extreme Fear,Fear,Infrequent,Large Positions,Inconsistent
0x39cef799f8b69da1995852eea189df24eb5cae3c,2025-03-04,0.0,142,0,4742.898943661972,673491.65,0,142,0.0,0.0,15,Extreme Fear,Fear,Infrequent,Large Positions,Inconsistent
0x39cef799f8b69da1995852eea189df24eb5cae3c,2025-04-03,863.956464,63,30,3213.5458730158734,202453.39,33,30,0.47619047619047616,1.1,25,Fear,Fear,Infrequent,Large Positions,Inconsistent
0x39cef799f8b69da1995852eea189df24eb5cae3c,2025-04-04,266.39774,34,34,19800.740588235294,673225.18,34,0,1.0,,28,Fear,Fear,Infrequent,Large Positions,Inconsistent
0x3f9a0aadc7f04a7c9d75dc1b5a6ddd6e36486cf6,2024-02-12,0.0,1,0,46692.72,46692.72,1,0,0.0,,70,Greed,Greed,Infrequent,Large Positions,Consistent
0x3f9a0aadc7f04a7c9d75dc1b5a6ddd6e36486cf6,2024-03-10,100.375782,5,3,2585.338,12926.69,2,3,0.6,0.6666666666666666,79,Extreme Greed,Greed,Infrequent,Large Positions,Consistent
0x3f9a0aadc7f04a7c9d75dc1b5a6ddd6e36486cf6,2024-03-11,0.0,2,0,9530.66,19061.32,2,0,0.0,,82,Extreme Greed,Greed,Infrequent,Large Positions,Consistent
0x3f9a0aadc7f04a7c9d75dc1b5a6ddd6e36486cf6,2024-04-11,540.05911,10,10,1960.1330000000003,19601.33,0,10,1.0,0.0,76,Extreme Greed,Greed,Infrequent,Large Positions,Consistent
0x3f9a0aadc7f04a7c9d75dc1b5a6ddd6e36486cf6,2024-07-11,503.46257599999996,16,11,1929.28125,30868.5,5,11,0.6875,0.45454545454545453,29,Fear,Fear,Infrequent,Large Positions,Consistent
0x3f9a0aadc7f04a7c9d75dc1b5a6ddd6e36486cf6,2024-10-11,0.0,1,0,9836.88,9836.88,1,0,0.0,,32,Fear,Fear,Infrequent,Large Positions,Consistent
0x3f9a0aadc7f04a7c9d75dc1b5a6ddd6e36486cf6,2024-11-11,393.07947,4,4,2557.49,10229.96,0,4,1.0,0.0,76,Extreme Greed,Greed,Infrequent,Large Positions,Consistent
0x3f9a0aadc7f04a7c9d75dc1b5a6ddd6e36486cf6,2024-12-11,0.0,4,0,1319.1399999999999,5276.5599999999995,4,0,0.0,,74,Greed,Greed,Infrequent,Large Positions,Consistent
0x3f9a0aadc7f04a7c9d75dc1b5a6ddd6e36486cf6,2025-04-04,0.0,1,0,63727.4,63727.4,1,0,0.0,,28,Fear,Fear,Infrequent,Large Positions,Consistent
0x420ab45e0bd8863569a5efbb9c05d91f40624641,2024-06-12,0.0,45,0,10673.925777777777,480326.66,0,45,0.0,0.0,72,Greed,Greed,Infrequent,Large Positions,Consistent
0x420ab45e0bd8863569a5efbb9c05d91f40624641,2024-12-12,1762.46,10,10,6750.81,67508.1,10,0,1.0,,83,Extreme Greed,Greed,Infrequent,Large Positions,Consistent
0x430f09841d65beb3f27765503d0f850b8bce7713,2024-05-10,0.0,1,0,0.61,0.61,0,1,0.0,0.0,66,Greed,Greed,Infrequent,Small Positions,Consistent
0x430f09841d65beb3f27765503d0f850b8bce7713,2024-09-08,0.0,1,0,0.12,0.12,0,1,0.0,0.0,29,Fear,Fear,Infrequent,Small Positions,Consistent
0x430f09841d65beb3f27765503d0f850b8bce7713,2024-10-08,0.0,1,0,0.68,0.68,0,1,0.0,0.0,49,Neutral,Greed,Infrequent,Small Positions,Consistent
0x430f09841d65beb3f27765503d0f850b8bce7713,2024-11-09,0.0,1,0,0.54,0.54,0,1,0.0,0.0,75,Extreme Greed,Greed,Infrequent,Small Positions,Consistent
0x430f09841d65beb3f27765503d0f850b8bce7713,2024-11-10,0.0,1,0,0.73,0.73,0,1,0.0,0.0,78,Extreme Greed,Greed,Infrequent,Small Positions,Consistent
0x430f09841d65beb3f27765503d0f850b8bce7713,2024-12-08,0.0,1,0,0.61,0.61,0,1,0.0,0.0,79,Extreme Greed,Greed,Infrequent,Small Positions,Consistent
0x47add9a56df66b524d5e2c1993a43cde53b6ed85,2024-01-12,197.422418,4,2,358.71500000000003,1434.8600000000001,2,2,0.5,1.0,71,Greed,Greed,Frequent,Small Positions,Consistent
0x47add9a56df66b524d5e2c1993a43cde53b6ed85,2024-03-12,30.727222,42,1,330.0188095238095,13860.79,26,16,0.023809523809523808,1.625,81,Extreme Greed,Greed,Frequent,Small Positions,Consistent
0x47add9a56df66b524d5e2c1993a43cde53b6ed85,2024-04-12,910.584797,102,14,795.8152941176471,81173.16,39,63,0.13725490196078433,0.6190476190476191,79,Extreme Greed,Greed,Frequent,Small Positions,Consistent
0x47add9a56df66b524d5e2c1993a43cde53b6ed85,2024-05-12,3174.023699,290,106,587.6594137931035,170421.23,145,145,0.36551724137931035,1.0,56,Greed,Greed,Frequent,Small Positions,Consistent
0x47add9a56df66b524d5e2c1993a43cde53b6ed85,2024-06-12,514.886454,108,32,1009.2267592592593,108996.49,61,47,0.2962962962962963,1.297872340425532,72,Greed,Greed,Frequent,Small Positions,Consistent
0x47add9a56df66b524d5e2c1993a43cde53b6ed85,2024-07-12,1040.616939,180,63,580.1653888888889,104429.77,83,97,0.35,0.8556701030927835,25,Fear,Fear,Frequent,Small Positions,Consistent
0x47add9a56df66b524d5e2c1993a43cde53b6ed85,2024-08-12,227.072158,69,25,423.3769565217391,29213.01,33,36,0.36231884057971014,0.9166666666666666,25,Fear,Fear,Frequent,Small Positions,Consistent
0x47add9a56df66b524d5e2c1993a43cde53b6ed85,2024-09-12,311.290605,55,19,399.53854545454544,21974.62,32,23,0.34545454545454546,1.391304347826087,31,Fear,Fear,Frequent,Small Positions,Consistent
0x47add9a56df66b524d5e2c1993a43cde53b6ed85,2024-10-12,1474.670598,182,67,512.06510989011,93195.85,109,73,0.36813186813186816,1.4931506849315068,49,Neutral,Greed,Frequent,Small Positions,Consistent
0x47add9a56df66b524d5e2c1993a43cde53b6ed85,2024-11-12,1157.689489,325,109,307.6034769230769,99971.13,117,208,0.3353846153846154,0.5625,80,Extreme Greed,Greed,Frequent,Small Positions,Consistent
0x47add9a56df66b524d5e2c1993a43cde53b6ed85,2024-12-12,574.398074,159,46,458.38842767295597,72883.76,75,84,0.2893081761006289,0.8928571428571429,83,Extreme Greed,Greed,Frequent,Small Positions,Consistent
0x47add9a56df66b524d5e2c1993a43cde53b6ed85,2025-01-01,17.784696,16,3,632.90125,10126.42,9,7,0.1875,1.2857142857142858,66,Greed,Greed,Frequent,Small Positions,Consistent
0x47add9a56df66b524d5e2c1993a43cde53b6ed85,2025-01-02,526.448209,33,23,490.5812121212121,16189.18,23,10,0.696969696969697,2.3,70,Greed,Greed,Frequent,Small Positions,Consistent
0x47add9a56df66b524d5e2c1993a43cde53b6ed85,2025-01-03,109.593094,27,12,617.1918518518519,16664.18,5,22,0.4444444444444444,0.22727272727272727,74,Greed,Greed,Frequent,Small Positions,Consistent
0x47add9a56df66b524d5e2c1993a43cde53b6ed85,2025-01-04,-680.287463,19,6,247.43947368421055,4701.35,6,13,0.3157894736842105,0.46153846153846156,73,Greed,Greed,Frequent,Small Positions,Consistent
0x47add9a56df66b524d5e2c1993a43cde53b6ed85,2025-01-05,37.385304,7,1,299.0128571428572,2093.09,0,7,0.14285714285714285,0.0,72,Greed,Greed,Frequent,Small Positions,Consistent
0x47add9a56df66b524d5e2c1993a43cde53b6ed85,2025-02-01,677.276764,90,43,548.5241111111111,49367.17,30,60,0.4777777777777778,0.5,68,Greed,Greed,Frequent,Small Positions,Consistent
0x47add9a56df66b524d5e2c1993a43cde53b6ed85,2025-02-02,-782.6517170000001,108,27,475.55675925925925,51360.13,83,25,0.25,3.32,60,Greed,Greed,Frequent,Small Positions,Consistent
0x47add9a56df66b524d5e2c1993a43cde53b6ed85,2025-02-03,349.12092600000005,21,8,1106.6938095238095,23240.57,3,18,0.38095238095238093,0.16666666666666666,44,Fear,Fear,Frequent,Small Positions,Consistent
0x47add9a56df66b524d5e2c1993a43cde53b6ed85,2025-02-04,93.006465,4,3,405.9275,1623.71,3,1,0.75,3.0,72,Greed,Greed,Frequent,Small Positions,Consistent
0x47add9a56df66b524d5e2c1993a43cde53b6ed85,2025-03-01,846.655814,102,24,321.5754901960784,32800.7,51,51,0.23529411764705882,1.0,20,Extreme Fear,Fear,Frequent,Small Positions,Consistent
0x47add9a56df66b524d5e2c1993a43cde53b6ed85,2025-03-02,2440.916534,182,73,633.5157142857142,115299.86,108,74,0.4010989010989011,1.4594594594594594,26,Fear,Fear,Frequent,Small Positions,Consistent
0x47add9a56df66b524d5e2c1993a43cde53b6ed85,2025-03-03,376.017126,33,12,591.2160606060606,19510.13,7,26,0.36363636363636365,0.2692307692307692,33,Fear,Fear,Frequent,Small Positions,Consistent
0x47add9a56df66b524d5e2c1993a43cde53b6ed85,2025-03-04,7.052034,14,2,635.2357142857143,8893.3,12,2,0.14285714285714285,6.0,15,Extreme Fear,Fear,Frequent,Small Positions,Consistent
0x47add9a56df66b524d5e2c1993a43cde53b6ed85,2025-04-01,73.451675,57,15,628.7080701754386,35836.36,20,37,0.2631578947368421,0.5405405405405406,34,Fear,Fear,Frequent,Small Positions,Consistent
0x47add9a56df66b524d5e2c1993a43cde53b6ed85,2025-04-02,874.3810560000001,34,16,389.9655882352941,13258.83,14,20,0.47058823529411764,0.7,44,Fear,Fear,Frequent,Small Positions,Consistent
0x47add9a56df66b524d5e2c1993a43cde53b6ed85,2025-04-03,444.266681,32,7,502.8234375,16090.35,31,1,0.21875,31.0,25,Fear,Fear,Frequent,Small Positions,Consistent
0x47add9a56df66b524d5e2c1993a43cde53b6ed85,2025-04-04,0.0,2,0,874.78,1749.56,2,0,0.0,,28,Fear,Fear,Frequent,Small Positions,Consistent
0x47add9a56df66b524d5e2c1993a43cde53b6ed85,2025-05-01,8.594753,38,4,439.9673684210526,16718.76,1,37,0.10526315789473684,0.02702702702702703,53,Neutral,Greed,Frequent,Small Positions,Consistent
0x47add9a56df66b524d5e2c1993a43cde53b6ed85,2025-05-02,32.72269,3,1,431.90000000000003,1295.7,2,1,0.3333333333333333,2.0,67,Greed,Greed,Frequent,Small Positions,Consistent
0x4acb90e786d897ecffb614dc822eb231b4ffb9f4,2025-02-04,444.205198,16,10,37473.885625,599582.17,10,6,0.625,1.6666666666666667,72,Greed,Greed,Frequent,Large Positions,Inconsistent
0x4acb90e786d897ecffb614dc822eb231b4ffb9f4,2025-03-03,0.0,19,0,10522.962631578948,199936.29,19,0,0.0,,33,Fear,Fear,Frequent,Large Positions,Inconsistent
0x4acb90e786d897ecffb614dc822eb231b4ffb9f4,2025-03-04,0.0,60,0,16666.611,999996.66,60,0,0.0,,15,Extreme Fear,Fear,Frequent,Large Positions,Inconsistent
0x4acb90e786d897ecffb614dc822eb231b4ffb9f4,2025-04-03,0.0,155,0,5549.306774193548,860142.5499999999,155,0,0.0,,25,Fear,Fear,Frequent,Large Positions,Inconsistent
0x4acb90e786d897ecffb614dc822eb231b4ffb9f4,2025-04-04,0.0,51,0,8264.040980392158,421466.09,51,0,0.0,,28,Fear,Fear,Frequent,Large Positions,Inconsistent
0x4f93fead39b70a1824f981a54d4e55b278e9f760,2024-01-04,0.840939,29,2,4654.808275862069,134989.44,25,4,0.06896551724137931,6.25,68,Greed,Greed,Infrequent,Large Positions,Inconsistent
0x4f93fead39b70a1824f981a54d4e55b278e9f760,2024-01-05,0.0,14,0,6216.103571428571,87025.45,14,0,0.0,,72,Greed,Greed,Infrequent,Large Positions,Inconsistent
0x4f93fead39b70a1824f981a54d4e55b278e9f760,2024-01-07,1202.488212,13,9,7476.965384615385,97200.55,2,11,0.6923076923076923,0.18181818181818182,71,Greed,Greed,Infrequent,Large Positions,Inconsistent
0x4f93fead39b70a1824f981a54d4e55b278e9f760,2024-01-08,0.0,13,0,11076.539230769231,143995.01,13,0,0.0,,71,Greed,Greed,Infrequent,Large Positions,Inconsistent
0x4f93fead39b70a1824f981a54d4e55b278e9f760,2024-01-10,0.0,4,0,34988.58,139954.32,4,0,0.0,,73,Greed,Greed,Infrequent,Large Positions,Inconsistent
0x4f93fead39b70a1824f981a54d4e55b278e9f760,2024-01-11,1040.5747959999999,9,2,25670.122222222224,231031.1,7,2,0.2222222222222222,3.5,76,Extreme Greed,Greed,Infrequent,Large Positions,Inconsistent
0x4f93fead39b70a1824f981a54d4e55b278e9f760,2024-01-12,337.835516,27,16,22229.845925925925,600205.84,5,22,0.5925925925925926,0.22727272727272727,71,Greed,Greed,Infrequent,Large Positions,Inconsistent
0x4f93fead39b70a1824f981a54d4e55b278e9f760,2024-02-04,883.760812,37,12,6072.016756756757,224664.62,6,31,0.32432432432432434,0.1935483870967742,60,Greed,Greed,Infrequent,Large Positions,Inconsistent
0x4f93fead39b70a1824f981a54d4e55b278e9f760,2024-02-08,0.0,36,0,8221.31,295967.16,35,1,0.0,35.0,66,Greed,Greed,Infrequent,Large Positions,Inconsistent
0x4f93fead39b70a1824f981a54d4e55b278e9f760,2024-02-09,0.0,2,0,15000.21,30000.42,2,0,0.0,,72,Greed,Greed,Infrequent,Large Positions,Inconsistent
0x4f93fead39b70a1824f981a54d4e55b278e9f760,2024-02-10,0.0,4,0,24988.585,99954.34,4,0,0.0,,74,Greed,Greed,Infrequent,Large Positions,Inconsistent
0x4f93fead39b70a1824f981a54d4e55b278e9f760,2024-02-11,0.0,2,0,20000.0,40000.0,2,0,0.0,,71,Greed,Greed,Infrequent,Large Positions,Inconsistent
0x4f93fead39b70a1824f981a54d4e55b278e9f760,2024-02-12,754.7378,17,6,17691.249411764704,300751.24,11,6,0.35294117647058826,1.8333333333333333,70,Greed,Greed,Infrequent,Large Positions,Inconsistent
0x4f93fead39b70a1824f981a54d4e55b278e9f760,2024-03-05,5319.861625,23,16,12059.708260869564,277373.29,0,23,0.6956521739130435,0.0,90,Extreme Greed,Greed,Infrequent,Large Positions,Inconsistent
0x4f93fead39b70a1824f981a54d4e55b278e9f760,2024-03-07,1118.387284,10,4,10388.008,103880.08,10,0,0.4,,82,Extreme Greed,Greed,Infrequent,Large Positions,Inconsistent
0x4f93fead39b70a1824f981a54d4e55b278e9f760,2024-03-08,0.0,13,0,8652.23,112478.98999999999,13,0,0.0,,81,Extreme Greed,Greed,Infrequent,Large Positions,Inconsistent
0x4f93fead39b70a1824f981a54d4e55b278e9f760,2024-03-10,0.0,4,0,30002.25,120009.0,4,0,0.0,,79,Extreme Greed,Greed,Infrequent,Large Positions,Inconsistent
0x4f93fead39b70a1824f981a54d4e55b278e9f760,2024-03-11,0.0,4,0,27498.585,109994.34,4,0,0.0,,82,Extreme Greed,Greed,Infrequent,Large Positions,Inconsistent
0x4f93fead39b70a1824f981a54d4e55b278e9f760,2024-03-12,1467.1002210000001,9,4,31374.63555555556,282371.72000000003,5,4,0.4444444444444444,1.25,81,Extreme Greed,Greed,Infrequent,Large Positions,Inconsistent
0x4f93fead39b70a1824f981a54d4e55b278e9f760,2024-04-04,0.0,32,0,2999.6165625,95987.73,0,32,0.0,0.0,70,Greed,Greed,Infrequent,Large Positions,Inconsistent
0x4f93fead39b70a1824f981a54d4e55b278e9f760,2024-04-05,0.0,6,0,8999.890000000001,53999.340000000004,0,6,0.0,0.0,79,Extreme Greed,Greed,Infrequent,Large Positions,Inconsistent
0x4f93fead39b70a1824f981a54d4e55b278e9f760,2024-04-07,0.0,14,0,18215.87285714286,255022.22,14,0,0.0,,78,Extreme Greed,Greed,Infrequent,Large Positions,Inconsistent
0x4f93fead39b70a1824f981a54d4e55b278e9f760,2024-04-08,-108604.496278,72,0,12521.542916666665,901551.09,12,60,0.0,0.2,76,Extreme Greed,Greed,Infrequent,Large Positions,Inconsistent
0x4f93fead39b70a1824f981a54d4e55b278e9f760,2024-04-09,0.0,1,0,35004.98,35004.98,1,0,0.0,,80,Extreme Greed,Greed,Infrequent,Large Positions,Inconsistent
0x4f93fead39b70a1824f981a54d4e55b278e9f760,2024-04-11,2259.351364,26,13,16623.486153846156,432210.64,13,13,0.5,1.0,76,Extreme Greed,Greed,Infrequent,Large Positions,Inconsistent
0x4f93fead39b70a1824f981a54d4e55b278e9f760,2024-04-12,291.35271,13,3,20080.955384615383,261052.41999999998,10,3,0.23076923076923078,3.3333333333333335,79,Extreme Greed,Greed,Infrequent,Large Positions,Inconsistent
0x4f93fead39b70a1824f981a54d4e55b278e9f760,2024-05-04,4444.4983010000005,10,7,17253.157,172531.56999999998,10,0,0.7,,67,Greed,Greed,Infrequent,Large Positions,Inconsistent
0x4f93fead39b70a1824f981a54d4e55b278e9f760,2024-05-05,0.0,4,0,5996.512500000001,23986.050000000003,0,4,0.0,0.0,69,Greed,Greed,Infrequent,Large Positions,Inconsistent
0x4f93fead39b70a1824f981a54d4e55b278e9f760,2024-05-07,0.0,20,0,13514.937,270298.74,20,0,0.0,,68,Greed,Greed,Infrequent,Large Positions,Inconsistent
0x4f93fead39b70a1824f981a54d4e55b278e9f760,2024-05-08,-4779.219012,17,0,12572.832941176472,213738.16,15,2,0.0,7.5,64,Greed,Greed,Infrequent,Large Positions,Inconsistent
0x4f93fead39b70a1824f981a54d4e55b278e9f760,2024-05-10,5767.161892,36,24,16822.36472222222,605605.13,9,27,0.6666666666666666,0.3333333333333333,66,Greed,Greed,Infrequent,Large Positions,Inconsistent
0x4f93fead39b70a1824f981a54d4e55b278e9f760,2024-05-11,678.4759280000001,10,5,20062.723,200627.23,5,5,0.5,1.0,53,Neutral,Greed,Infrequent,Large Positions,Inconsistent
0x4f93fead39b70a1824f981a54d4e55b278e9f760,2024-05-12,1435.68724,19,2,40074.16368421053,761409.11,0,19,0.10526315789473684,0.0,56,Greed,Greed,Infrequent,Large Positions,Inconsistent
0x4f93fead39b70a1824f981a54d4e55b278e9f760,2024-06-04,236.33513399999998,16,4,4263.979375,68223.67,0,16,0.25,0.0,73,Greed,Greed,Infrequent,Large Positions,Inconsistent
0x4f93fead39b70a1824f981a54d4e55b278e9f760,2024-06-05,968.59038,9,4,22890.714444444442,206016.43,8,1,0.4444444444444444,8.0,75,Extreme Greed,Greed,Infrequent,Large Positions,Inconsistent
0x4f93fead39b70a1824f981a54d4e55b278e9f760,2024-06-09,0.0,4,0,8747.6675,34990.67,4,0,0.0,,75,Extreme Greed,Greed,Infrequent,Large Positions,Inconsistent
0x4f93fead39b70a1824f981a54d4e55b278e9f760,2024-06-10,130.487079,22,5,13642.298181818182,300130.56,6,16,0.22727272727272727,0.375,72,Greed,Greed,Infrequent,Large Positions,Inconsistent
0x4f93fead39b70a1824f981a54d4e55b278e9f760,2024-06-11,2821.24842,12,7,10158.865,121906.38,5,7,0.5833333333333334,0.7142857142857143,74,Greed,Greed,Infrequent,Large Positions,Inconsistent
0x4f93fead39b70a1824f981a54d4e55b278e9f760,2024-06-12,7206.315268,59,21,25128.245762711864,1482566.5,39,20,0.3559322033898305,1.95,72,Greed,Greed,Infrequent,Large Positions,Inconsistent
0x4f93fead39b70a1824f981a54d4e55b278e9f760,2024-07-04,0.0,23,0,2173.397391304348,49988.14,0,23,0.0,0.0,44,Fear,Fear,Infrequent,Large Positions,Inconsistent
0x4f93fead39b70a1824f981a54d4e55b278e9f760,2024-07-05,656.21704,10,7,9890.126,98901.26000000001,4,6,0.7,0.6666666666666666,29,Fear,Fear,Infrequent,Large Positions,Inconsistent
0x4f93fead39b70a1824f981a54d4e55b278e9f760,2024-07-06,7329.223137999999,52,30,15114.859615384614,785972.7,39,13,0.5769230769230769,3.0,26,Fear,Fear,Infrequent,Large Positions,Inconsistent
0x4f93fead39b70a1824f981a54d4e55b278e9f760,2024-07-10,0.0,21,0,10475.459523809524,219984.65,0,21,0.0,0.0,28,Fear,Fear,Infrequent,Large Positions,Inconsistent
0x4f93fead39b70a1824f981a54d4e55b278e9f760,2024-07-11,628.96246,2,1,30314.425,60628.85,1,1,0.5,1.0,29,Fear,Fear,Infrequent,Large Positions,Inconsistent
0x4f93fead39b70a1824f981a54d4e55b278e9f760,2024-07-12,2342.996384,4,4,49620.3625,198481.45,4,0,1.0,,25,Fear,Fear,Infrequent,Large Positions,Inconsistent
0x4f93fead39b70a1824f981a54d4e55b278e9f760,2024-08-04,0.0,28,0,5827.370357142857,163166.37,0,28,0.0,0.0,34,Fear,Fear,Infrequent,Large Positions,Inconsistent
0x4f93fead39b70a1824f981a54d4e55b278e9f760,2024-08-05,0.0,10,0,6583.419,65834.19,10,0,0.0,,26,Fear,Fear,Infrequent,Large Positions,Inconsistent
0x4f93fead39b70a1824f981a54d4e55b278e9f760,2024-08-06,0.0,7,0,6428.95,45002.65,7,0,0.0,,17,Extreme Fear,Fear,Infrequent,Large Positions,Inconsistent
0x4f93fead39b70a1824f981a54d4e55b278e9f760,2024-08-10,5396.546638,35,33,12416.672857142858,434583.55,34,1,0.9428571428571428,34.0,40,Fear,Fear,Infrequent,Large Positions,Inconsistent
0x4f93fead39b70a1824f981a54d4e55b278e9f760,2024-08-11,646.3734049999999,24,6,10026.734583333333,240641.63,18,6,0.25,3.0,39,Fear,Fear,Infrequent,Large Positions,Inconsistent
0x4f93fead39b70a1824f981a54d4e55b278e9f760,2024-08-12,0.0,7,0,8570.51857142857,59993.63,0,7,0.0,0.0,25,Fear,Fear,Infrequent,Large Positions,Inconsistent
0x4f93fead39b70a1824f981a54d4e55b278e9f760,2024-09-04,0.0,3,0,19021.280000000002,57063.840000000004,0,3,0.0,0.0,27,Fear,Fear,Infrequent,Large Positions,Inconsistent
0x4f93fead39b70a1824f981a54d4e55b278e9f760,2024-09-05,1147.595856,25,11,8679.6232,216990.58,9,16,0.44,0.5625,29,Fear,Fear,Infrequent,Large Positions,Inconsistent
0x4f93fead39b70a1824f981a54d4e55b278e9f760,2024-09-06,0.0,5,0,4199.992,20999.96,5,0,0.0,,22,Extreme Fear,Fear,Infrequent,Large Positions,Inconsistent
0x4f93fead39b70a1824f981a54d4e55b278e9f760,2024-09-08,11147.900554,12,9,11003.166666666666,132038.0,3,9,0.75,0.3333333333333333,29,Fear,Fear,Infrequent,Large Positions,Inconsistent
0x4f93fead39b70a1824f981a54d4e55b278e9f760,2024-09-10,396.06272,14,3,15742.852142857142,220399.93,11,3,0.21428571428571427,3.6666666666666665,33,Fear,Fear,Infrequent,Large Positions,Inconsistent
0x4f93fead39b70a1824f981a54d4e55b278e9f760,2024-09-11,0.0,9,0,16666.712222222224,150000.41,9,0,0.0,,37,Fear,Fear,Infrequent,Large Positions,Inconsistent
0x4f93fead39b70a1824f981a54d4e55b278e9f760,2024-09-12,2350.499742,17,7,21156.991764705883,359668.86,13,4,0.4117647058823529,3.25,31,Fear,Fear,Infrequent,Large Positions,Inconsistent
0x4f93fead39b70a1824f981a54d4e55b278e9f760,2024-10-04,5207.443414,41,36,8578.926097560974,351735.97,40,1,0.8780487804878049,40.0,41,Fear,Fear,Infrequent,Large Positions,Inconsistent
0x4f93fead39b70a1824f981a54d4e55b278e9f760,2024-10-05,2101.741695,22,6,7131.0,156882.0,16,6,0.2727272727272727,2.6666666666666665,49,Neutral,Greed,Infrequent,Large Positions,Inconsistent
0x4f93fead39b70a1824f981a54d4e55b278e9f760,2024-10-06,0.0,4,0,6000.075,24000.3,4,0,0.0,,50,Neutral,Greed,Infrequent,Large Positions,Inconsistent
0x4f93fead39b70a1824f981a54d4e55b278e9f760,2024-10-07,11595.627026,43,33,15625.97930232558,671917.11,10,33,0.7674418604651163,0.30303030303030304,50,Neutral,Greed,Infrequent,Large Positions,Inconsistent
0x4f93fead39b70a1824f981a54d4e55b278e9f760,2024-10-10,0.0,16,0,18751.521249999998,300024.33999999997,16,0,0.0,,39,Fear,Fear,Infrequent,Large Positions,Inconsistent
0x4f93fead39b70a1824f981a54d4e55b278e9f760,2024-10-11,548.36595,8,6,22568.36875,180546.95,2,6,0.75,0.3333333333333333,32,Fear,Fear,Infrequent,Large Positions,Inconsistent
0x4f93fead39b70a1824f981a54d4e55b278e9f760,2024-10-12,3986.312514,36,12,19470.586944444443,700941.13,27,9,0.3333333333333333,3.0,49,Neutral,Greed,Infrequent,Large Positions,Inconsistent
0x4f93fead39b70a1824f981a54d4e55b278e9f760,2024-11-04,389.743164,16,2,4775.06,76400.96,14,2,0.125,7.0,70,Greed,Greed,Infrequent,Large Positions,Inconsistent
0x4f93fead39b70a1824f981a54d4e55b278e9f760,2024-11-05,251.604742,9,9,7027.661111111111,63248.95,0,9,1.0,0.0,70,Greed,Greed,Infrequent,Large Positions,Inconsistent
0x4f93fead39b70a1824f981a54d4e55b278e9f760,2024-11-06,0.0,21,0,13143.021904761907,276003.46,21,0,0.0,,70,Greed,Greed,Infrequent,Large Positions,Inconsistent
0x4f93fead39b70a1824f981a54d4e55b278e9f760,2024-11-07,1876.812082,19,9,8941.422105263156,169887.02,10,9,0.47368421052631576,1.1111111111111112,77,Extreme Greed,Greed,Infrequent,Large Positions,Inconsistent
0x4f93fead39b70a1824f981a54d4e55b278e9f760,2024-11-08,847.7766200000001,8,4,5104.981250000001,40839.850000000006,0,8,0.5,0.0,75,Extreme Greed,Greed,Infrequent,Large Positions,Inconsistent
0x4f93fead39b70a1824f981a54d4e55b278e9f760,2024-11-10,8885.327477,25,18,19556.1384,488903.45999999996,0,25,0.72,0.0,78,Extreme Greed,Greed,Infrequent,Large Positions,Inconsistent
0x4f93fead39b70a1824f981a54d4e55b278e9f760,2024-11-11,1479.677222,20,9,16571.107,331422.14,11,9,0.45,1.2222222222222223,76,Extreme Greed,Greed,Infrequent,Large Positions,Inconsistent
0x4f93fead39b70a1824f981a54d4e55b278e9f760,2024-11-12,1083.777057,30,8,23331.314333333332,699939.4299999999,6,24,0.26666666666666666,0.25,80,Extreme Greed,Greed,Infrequent,Large Positions,Inconsistent
0x4f93fead39b70a1824f981a54d4e55b278e9f760,2024-12-04,0.0,21,0,7138.52761904762,149909.08000000002,21,0,0.0,,78,Extreme Greed,Greed,Infrequent,Large Positions,Inconsistent
0x4f93fead39b70a1824f981a54d4e55b278e9f760,2024-12-05,0.0,10,0,4500.464,45004.64,10,0,0.0,,84,Extreme Greed,Greed,Infrequent,Large Positions,Inconsistent
0x4f93fead39b70a1824f981a54d4e55b278e9f760,2024-12-07,0.0,10,0,7600.664999999999,76006.65,10,0,0.0,,75,Extreme Greed,Greed,Infrequent,Large Positions,Inconsistent
0x4f93fead39b70a1824f981a54d4e55b278e9f760,2024-12-08,858.6705000000001,16,6,2758.775,44140.4,16,0,0.375,,79,Extreme Greed,Greed,Infrequent,Large Positions,Inconsistent
0x4f93fead39b70a1824f981a54d4e55b278e9f760,2024-12-10,541.55471,10,7,15971.34,159713.4,7,3,0.7,2.3333333333333335,78,Extreme Greed,Greed,Infrequent,Large Positions,Inconsistent
0x4f93fead39b70a1824f981a54d4e55b278e9f760,2024-12-11,2053.119744,74,12,14354.293783783784,1062217.74,62,12,0.16216216216216217,5.166666666666667,74,Greed,Greed,Infrequent,Large Positions,Inconsistent
0x4f93fead39b70a1824f981a54d4e55b278e9f760,2024-12-12,0.0,31,0,12254.174838709678,379879.42,0,31,0.0,0.0,83,Extreme Greed,Greed,Infrequent,Large Positions,Inconsistent
0x4f93fead39b70a1824f981a54d4e55b278e9f760,2025-01-01,0.0,1,0,49999.51,49999.51,1,0,0.0,,66,Greed,Greed,Infrequent,Large Positions,Inconsistent
0x4f93fead39b70a1824f981a54d4e55b278e9f760,2025-01-02,0.0,4,0,22500.69,90002.76,4,0,0.0,,70,Greed,Greed,Infrequent,Large Positions,Inconsistent
0x4f93fead39b70a1824f981a54d4e55b278e9f760,2025-01-04,1402.082488,20,8,7070.317,141406.34,12,8,0.4,1.5,73,Greed,Greed,Infrequent,Large Positions,Inconsistent
0x4f93fead39b70a1824f981a54d4e55b278e9f760,2025-01-05,1220.746604,14,7,14373.198571428571,201224.78,3,11,0.5,0.2727272727272727,72,Greed,Greed,Infrequent,Large Positions,Inconsistent
0x4f93fead39b70a1824f981a54d4e55b278e9f760,2025-02-01,2399.9471460000004,19,8,19582.443684210524,372066.43,11,8,0.42105263157894735,1.375,68,Greed,Greed,Infrequent,Large Positions,Inconsistent
0x4f93fead39b70a1824f981a54d4e55b278e9f760,2025-02-02,0.0,30,0,25418.461333333333,762553.84,30,0,0.0,,60,Greed,Greed,Infrequent,Large Positions,Inconsistent
0x4f93fead39b70a1824f981a54d4e55b278e9f760,2025-02-03,11005.991600000001,26,21,43406.429615384615,1128567.17,5,21,0.8076923076923077,0.23809523809523808,44,Fear,Fear,Infrequent,Large Positions,Inconsistent
0x4f93fead39b70a1824f981a54d4e55b278e9f760,2025-02-04,0.0,1,0,19999.7,19999.7,1,0,0.0,,72,Greed,Greed,Infrequent,Large Positions,Inconsistent
0x4f93fead39b70a1824f981a54d4e55b278e9f760,2025-03-01,3084.287743,48,29,9644.217708333334,462922.45,19,29,0.6041666666666666,0.6551724137931034,20,Extreme Fear,Fear,Infrequent,Large Positions,Inconsistent
0x4f93fead39b70a1824f981a54d4e55b278e9f760,2025-03-03,1136.272279,12,6,26764.120833333334,321169.45,6,6,0.5,1.0,33,Fear,Fear,Infrequent,Large Positions,Inconsistent
0x4f93fead39b70a1824f981a54d4e55b278e9f760,2025-03-04,0.0,9,0,31104.344444444443,279939.1,9,0,0.0,,15,Extreme Fear,Fear,Infrequent,Large Positions,Inconsistent
0x4f93fead39b70a1824f981a54d4e55b278e9f760,2025-04-01,0.0,14,0,7142.837142857143,99999.72,14,0,0.0,,34,Fear,Fear,Infrequent,Large Positions,Inconsistent
0x4f93fead39b70a1824f981a54d4e55b278e9f760,2025-04-02,6403.5061239999995,9,9,95439.94666666667,858959.52,0,9,1.0,0.0,44,Fear,Fear,Infrequent,Large Positions,Inconsistent
0x4f93fead39b70a1824f981a54d4e55b278e9f760,2025-04-03,8002.939313,59,28,25872.653898305085,1526486.58,22,37,0.4745762711864407,0.5945945945945946,25,Fear,Fear,Infrequent,Large Positions,Inconsistent
0x4f93fead39b70a1824f981a54d4e55b278e9f760,2025-04-04,4591.427138999999,21,13,20216.697142857145,424550.64,8,13,0.6190476190476191,0.6153846153846154,28,Fear,Fear,Infrequent,Large Positions,Inconsistent
0x4f93fead39b70a1824f981a54d4e55b278e9f760,2025-05-01,890.33157,19,4,19427.31105263158,369118.91000000003,15,4,0.21052631578947367,3.75,53,Neutral,Greed,Infrequent,Large Positions,Inconsistent
0x4f93fead39b70a1824f981a54d4e55b278e9f760,2025-05-02,0.0,9,0,16663.026666666665,149967.24,9,0,0.0,,67,Greed,Greed,Infrequent,Large Positions,Inconsistent
0x513b8629fe877bb581bf244e326a047b249c4ff1,2024-09-12,0.0,42,0,1682.2211904761903,70653.29,42,0,0.0,,31,Fear,Fear,Frequent,Large Positions,Inconsistent
0x513b8629fe877bb581bf244e326a047b249c4ff1,2024-12-12,0.0,89,0,3332.177640449438,296563.81,89,0,0.0,,83,Extreme Greed,Greed,Frequent,Large Positions,Inconsistent
0x513b8629fe877bb581bf244e326a047b249c4ff1,2025-01-04,0.0,13,0,13807.81,179501.53,13,0,0.0,,73,Greed,Greed,Frequent,Large Positions,Inconsistent
0x513b8629fe877bb581bf244e326a047b249c4ff1,2025-01-05,60544.304874,329,236,22713.250030395135,7472659.26,93,236,0.7173252279635258,0.3940677966101695,72,Greed,Greed,Frequent,Large Positions,Inconsistent
0x513b8629fe877bb581bf244e326a047b249c4ff1,2025-03-04,0.0,49,0,2260.9597959183675,110787.03,49,0,0.0,,15,Extreme Fear,Fear,Frequent,Large Positions,Inconsistent
0x6d6a4b953f202f8df5bed40692e7fd865318264a,2024-11-12,698.009722,8,8,136.67374999999998,1093.3899999999999,0,8,1.0,0.0,80,Extreme Greed,Greed,Infrequent,Small Positions,Consistent
0x6d6a4b953f202f8df5bed40692e7fd865318264a,2024-12-12,362.84131,4,4,133.0725,532.29,0,4,1.0,0.0,83,Extreme Greed,Greed,Infrequent,Small Positions,Consistent
0x6d6a4b953f202f8df5bed40692e7fd865318264a,2025-01-02,0.0,5,0,1987.6240000000003,9938.12,5,0,0.0,,70,Greed,Greed,Infrequent,Small Positions,Consistent
0x6d6a4b953f202f8df5bed40692e7fd865318264a,2025-01-04,132.71954399999998,14,4,1954.3107142857145,27360.350000000002,4,10,0.2857142857142857,0.4,73,Greed,Greed,Infrequent,Small Positions,Consistent
0x6d6a4b953f202f8df5bed40692e7fd865318264a,2025-02-04,234.497751,34,9,1120.655,38102.27,15,19,0.2647058823529412,0.7894736842105263,72,Greed,Greed,Infrequent,Small Positions,Consistent
0x6d6a4b953f202f8df5bed40692e7fd865318264a,2025-03-04,298.031364,20,5,922.9384999999999,18458.769999999997,19,1,0.25,19.0,15,Extreme Fear,Fear,Infrequent,Small Positions,Consistent
0x6d6a4b953f202f8df5bed40692e7fd865318264a,2025-04-04,392.35488599999996,60,9,626.296,37577.76,36,24,0.15,1.5,28,Fear,Fear,Infrequent,Small Positions,Consistent
0x72743ae2822edd658c0c50608fd7c5c501b2afbd,2025-04-01,0.0,141,0,11569.857730496453,1631349.94,0,141,0.0,0.0,34,Fear,Fear,Frequent,Large Positions,Inconsistent
0x72c6a4624e1dffa724e6d00d64ceae698af892a0,2024-12-12,0.0,17,0,1397.385294117647,23755.55,0,17,0.0,0.0,83,Extreme Greed,Greed,Infrequent,Small Positions,Inconsistent
0x72c6a4624e1dffa724e6d00d64ceae698af892a0,2025-01-03,0.0,14,0,791.3578571428571,11079.01,10,4,0.0,2.5,74,Greed,Greed,Infrequent,Small Positions,Inconsistent
0x72c6a4624e1dffa724e6d00d64ceae698af892a0,2025-02-01,0.0,3,0,8894.193333333335,26682.58,0,3,0.0,0.0,68,Greed,Greed,Infrequent,Small Positions,Inconsistent
0x72c6a4624e1dffa724e6d00d64ceae698af892a0,2025-02-02,0.0,37,0,837.1502702702703,30974.56,0,37,0.0,0.0,60,Greed,Greed,Infrequent,Small Positions,Inconsistent
0x72c6a4624e1dffa724e6d00d64ceae698af892a0,2025-02-03,10915.212,25,25,1366.0404,34151.01,25,0,1.0,,44,Fear,Fear,Infrequent,Small Positions,Inconsistent
0x72c6a4624e1dffa724e6d00d64ceae698af892a0,2025-03-01,0.0,6,0,6065.75,36394.5,0,6,0.0,0.0,20,Extreme Fear,Fear,Infrequent,Small Positions,Inconsistent
0x72c6a4624e1dffa724e6d00d64ceae698af892a0,2025-03-03,17247.427499999998,16,10,3784.509375,60552.15,16,0,0.625,,33,Fear,Fear,Infrequent,Small Positions,Inconsistent
0x72c6a4624e1dffa724e6d00d64ceae698af892a0,2025-04-01,0.0,1,0,2128.95,2128.95,0,1,0.0,0.0,34,Fear,Fear,Infrequent,Small Positions,Inconsistent
0x72c6a4624e1dffa724e6d00d64ceae698af892a0,2025-04-02,0.0,1,0,15000.0,15000.0,0,1,0.0,0.0,44,Fear,Fear,Infrequent,Small Positions,Inconsistent
0x72c6a4624e1dffa724e6d00d64ceae698af892a0,2025-04-03,169132.29611,155,77,3030.0763225806454,469661.83,155,0,0.4967741935483871,,25,Fear,Fear,Infrequent,Small Positions,Inconsistent
0x72c6a4624e1dffa724e6d00d64ceae698af892a0,2025-05-01,0.0,8,0,2863.6875,22909.5,0,8,0.0,0.0,53,Neutral,Greed,Infrequent,Small Positions,Inconsistent
0x75f7eeb85dc639d5e99c78f95393aa9a5f1170d4,2024-01-03,8244.241409,137,128,3452.370072992701,472974.7,37,100,0.9343065693430657,0.37,70,Greed,Greed,Frequent,Small Positions,Consistent
0x75f7eeb85dc639d5e99c78f95393aa9a5f1170d4,2024-01-04,2507.122467,48,40,4260.021458333334,204481.03,7,41,0.8333333333333334,0.17073170731707318,68,Greed,Greed,Frequent,Small Positions,Consistent
0x75f7eeb85dc639d5e99c78f95393aa9a5f1170d4,2024-02-03,1674.715167,24,21,2510.5745833333335,60253.79,21,3,0.875,7.0,60,Greed,Greed,Frequent,Small Positions,Consistent
0x75f7eeb85dc639d5e99c78f95393aa9a5f1170d4,2024-03-03,8361.086245,79,54,4946.1478481012655,390745.68,36,43,0.6835443037974683,0.8372093023255814,83,Extreme Greed,Greed,Frequent,Small Positions,Consistent
0x75f7eeb85dc639d5e99c78f95393aa9a5f1170d4,2024-03-04,126.7884,2,1,3443.955,6887.91,1,1,0.5,1.0,82,Extreme Greed,Greed,Frequent,Small Positions,Consistent
0x75f7eeb85dc639d5e99c78f95393aa9a5f1170d4,2024-03-05,-13.844579999999999,7,1,47.215714285714284,330.51,3,4,0.14285714285714285,0.75,90,Extreme Greed,Greed,Frequent,Small Positions,Consistent
0x75f7eeb85dc639d5e99c78f95393aa9a5f1170d4,2024-04-03,26773.771643,287,253,5485.087665505226,1574220.16,161,126,0.8815331010452961,1.2777777777777777,71,Greed,Greed,Frequent,Small Positions,Consistent
0x75f7eeb85dc639d5e99c78f95393aa9a5f1170d4,2024-05-03,19791.026041,180,163,4676.724,841810.32,55,125,0.9055555555555556,0.44,48,Neutral,Greed,Frequent,Small Positions,Consistent
0x75f7eeb85dc639d5e99c78f95393aa9a5f1170d4,2024-05-04,5296.433789,82,75,3723.111585365854,305295.15,7,75,0.9146341463414634,0.09333333333333334,67,Greed,Greed,Frequent,Small Positions,Consistent
0x75f7eeb85dc639d5e99c78f95393aa9a5f1170d4,2024-05-05,0.916,2,1,41.15,82.3,1,1,0.5,1.0,69,Greed,Greed,Frequent,Small Positions,Consistent
0x75f7eeb85dc639d5e99c78f95393aa9a5f1170d4,2024-06-03,6814.825139,82,72,3990.4636585365856,327218.02,49,33,0.8780487804878049,1.4848484848484849,73,Greed,Greed,Frequent,Small Positions,Consistent
0x75f7eeb85dc639d5e99c78f95393aa9a5f1170d4,2024-07-05,0.0,1,0,47.59,47.59,0,1,0.0,0.0,29,Fear,Fear,Frequent,Small Positions,Consistent
0x75f7eeb85dc639d5e99c78f95393aa9a5f1170d4,2024-08-03,4271.886236,67,59,2740.047462686567,183583.18,19,48,0.8805970149253731,0.3958333333333333,37,Fear,Fear,Frequent,Small Positions,Consistent
0x75f7eeb85dc639d5e99c78f95393aa9a5f1170d4,2024-08-04,1218.4267,2,1,24387.135,48774.27,1,1,0.5,1.0,34,Fear,Fear,Frequent,Small Positions,Consistent
0x75f7eeb85dc639d5e99c78f95393aa9a5f1170d4,2024-08-05,1.56576,3,1,46.46,139.38,2,1,0.3333333333333333,2.0,26,Fear,Fear,Frequent,Small Positions,Consistent
0x75f7eeb85dc639d5e99c78f95393aa9a5f1170d4,2024-09-03,9949.501624,117,97,5625.459401709401,658178.75,83,34,0.8290598290598291,2.4411764705882355,26,Fear,Fear,Frequent,Small Positions,Consistent
0x75f7eeb85dc639d5e99c78f95393aa9a5f1170d4,2024-09-12,0.01574,7,3,16.731428571428573,117.12,3,4,0.42857142857142855,0.75,31,Fear,Fear,Frequent,Small Positions,Consistent
0x75f7eeb85dc639d5e99c78f95393aa9a5f1170d4,2024-10-03,2482.9272,42,29,5237.472619047619,219973.85,38,4,0.6904761904761905,9.5,37,Fear,Fear,Frequent,Small Positions,Consistent
0x75f7eeb85dc639d5e99c78f95393aa9a5f1170d4,2024-10-12,3634.56814,153,147,1401.238888888889,214389.55000000002,40,113,0.9607843137254902,0.35398230088495575,49,Neutral,Greed,Frequent,Small Positions,Consistent
0x75f7eeb85dc639d5e99c78f95393aa9a5f1170d4,2024-11-03,3588.179495,42,39,4202.844047619047,176519.44999999998,12,30,0.9285714285714286,0.4,74,Greed,Greed,Frequent,Small Positions,Consistent
0x75f7eeb85dc639d5e99c78f95393aa9a5f1170d4,2024-11-12,1567.4026840000001,23,8,7024.881304347826,161572.27,12,11,0.34782608695652173,1.0909090909090908,80,Extreme Greed,Greed,Frequent,Small Positions,Consistent
0x75f7eeb85dc639d5e99c78f95393aa9a5f1170d4,2024-12-03,3039.166,8,7,12880.10625,103040.85,1,7,0.875,0.14285714285714285,76,Extreme Greed,Greed,Frequent,Small Positions,Consistent
0x75f7eeb85dc639d5e99c78f95393aa9a5f1170d4,2024-12-04,2237.798674,93,71,2815.611935483871,261851.91,7,86,0.7634408602150538,0.08139534883720931,78,Extreme Greed,Greed,Frequent,Small Positions,Consistent
0x75f7eeb85dc639d5e99c78f95393aa9a5f1170d4,2024-12-12,323.34897900000016,52,4,3563.27,185290.04,29,23,0.07692307692307693,1.2608695652173914,83,Extreme Greed,Greed,Frequent,Small Positions,Consistent
0x75f7eeb85dc639d5e99c78f95393aa9a5f1170d4,2025-01-02,9609.447365,148,114,4026.3325675675674,595897.22,114,34,0.7702702702702703,3.3529411764705883,70,Greed,Greed,Frequent,Small Positions,Consistent
0x75f7eeb85dc639d5e99c78f95393aa9a5f1170d4,2025-02-01,3429.9583199999997,53,50,3870.1449056603774,205117.68,17,36,0.9433962264150944,0.4722222222222222,68,Greed,Greed,Frequent,Small Positions,Consistent
0x75f7eeb85dc639d5e99c78f95393aa9a5f1170d4,2025-02-03,948.6016900000001,12,11,3923.564166666667,47082.770000000004,11,1,0.9166666666666666,11.0,44,Fear,Fear,Frequent,Small Positions,Consistent
0x75f7eeb85dc639d5e99c78f95393aa9a5f1170d4,2025-02-04,90.98474,11,9,2925.4536363636366,32179.99,9,2,0.8181818181818182,4.5,72,Greed,Greed,Frequent,Small Positions,Consistent
0x75f7eeb85dc639d5e99c78f95393aa9a5f1170d4,2025-03-02,14982.681725,351,263,2940.937606837607,1032269.1,100,251,0.7492877492877493,0.398406374501992,26,Fear,Fear,Frequent,Small Positions,Consistent
0x75f7eeb85dc639d5e99c78f95393aa9a5f1170d4,2025-03-03,-370.250064,101,61,1018.7064356435644,102889.35,33,68,0.6039603960396039,0.4852941176470588,33,Fear,Fear,Frequent,Small Positions,Consistent
0x75f7eeb85dc639d5e99c78f95393aa9a5f1170d4,2025-04-02,1985.815595,76,74,1605.050657894737,121983.85,2,74,0.9736842105263158,0.02702702702702703,44,Fear,Fear,Frequent,Small Positions,Consistent
0x75f7eeb85dc639d5e99c78f95393aa9a5f1170d4,2025-05-02,14.590934,20,15,2107.2529999999997,42145.06,5,15,0.75,0.3333333333333333,67,Greed,Greed,Frequent,Small Positions,Consistent
0x7f4f299f74eec87806a830e3caa9afa5f2b9db8f,2025-01-01,0.0,3,0,7555.826666666667,22667.48,3,0,0.0,,66,Greed,Greed,Infrequent,Large Positions,Consistent
0x7f4f299f74eec87806a830e3caa9afa5f2b9db8f,2025-02-01,1008.518954,9,5,6758.5633333333335,60827.07,4,5,0.5555555555555556,0.8,68,Greed,Greed,Infrequent,Large Positions,Consistent
0x7f4f299f74eec87806a830e3caa9afa5f2b9db8f,2025-03-01,937.789615,26,17,1975.7373076923077,51369.17,9,17,0.6538461538461539,0.5294117647058824,20,Extreme Fear,Fear,Infrequent,Large Positions,Consistent
0x7f4f299f74eec87806a830e3caa9afa5f2b9db8f,2025-05-01,1093.05677,7,7,1828.1614285714284,12797.13,0,7,1.0,0.0,53,Neutral,Greed,Infrequent,Large Positions,Consistent
0x8170715b3b381dffb7062c0298972d4727a0a63b,2025-01-02,0.0,18,0,773.4088888888889,13921.36,0,18,0.0,0.0,70,Greed,Greed,Infrequent,Small Positions,Consistent
0x8170715b3b381dffb7062c0298972d4727a0a63b,2025-01-04,4004.50286,13,12,9495.466153846153,123441.06,0,13,0.9230769230769231,0.0,73,Greed,Greed,Infrequent,Small Positions,Consistent
0x8170715b3b381dffb7062c0298972d4727a0a63b,2025-02-01,739.18423,3,3,1004.1633333333334,3012.4900000000002,3,0,1.0,,68,Greed,Greed,Infrequent,Small Positions,Consistent
0x8170715b3b381dffb7062c0298972d4727a0a63b,2025-02-02,0.0,30,0,1333.3373333333334,40000.12,0,30,0.0,0.0,60,Greed,Greed,Infrequent,Small Positions,Consistent
0x8170715b3b381dffb7062c0298972d4727a0a63b,2025-02-03,0.0,2,0,2499.975,4999.95,0,2,0.0,0.0,44,Fear,Fear,Infrequent,Small Positions,Consistent
0x8170715b3b381dffb7062c0298972d4727a0a63b,2025-02-04,8045.056928,7,7,2142.8557142857144,14999.990000000002,7,0,1.0,,72,Greed,Greed,Infrequent,Small Positions,Consistent
0x8170715b3b381dffb7062c0298972d4727a0a63b,2025-03-02,13770.715332,119,96,355.00016806722687,42245.02,96,23,0.8067226890756303,4.173913043478261,26,Fear,Fear,Infrequent,Small Positions,Consistent
0x8170715b3b381dffb7062c0298972d4727a0a63b,2025-03-03,0.0,8,0,624.99375,4999.95,0,8,0.0,0.0,33,Fear,Fear,Infrequent,Small Positions,Consistent
0x8170715b3b381dffb7062c0298972d4727a0a63b,2025-03-04,0.0,85,0,5629.0912941176475,478472.76,58,27,0.0,2.1481481481481484,15,Extreme Fear,Fear,Infrequent,Small Positions,Consistent
0x8170715b3b381dffb7062c0298972d4727a0a63b,2025-04-02,0.0,45,0,676.7046666666666,30451.71,0,45,0.0,0.0,44,Fear,Fear,Infrequent,Small Positions,Consistent
0x8170715b3b381dffb7062c0298972d4727a0a63b,2025-04-03,6939.47356,16,13,937.494375,14999.91,13,3,0.8125,4.333333333333333,25,Fear,Fear,Infrequent,Small Positions,Consistent
0x8170715b3b381dffb7062c0298972d4727a0a63b,2025-04-04,4805.345609999999,68,7,932.0805882352942,63381.48,12,56,0.10294117647058823,0.21428571428571427,28,Fear,Fear,Infrequent,Small Positions,Consistent
0x8170715b3b381dffb7062c0298972d4727a0a63b,2025-05-02,0.0,25,0,599.9928,14999.82,0,25,0.0,0.0,67,Greed,Greed,Infrequent,Small Positions,Consistent
0x8381e6d82f1affd39a336e143e081ef7620a3b7f,2024-01-12,0.0,3,0,999.5866666666667,2998.76,3,0,0.0,,71,Greed,Greed,Infrequent,Large Positions,Inconsistent
0x8381e6d82f1affd39a336e143e081ef7620a3b7f,2024-02-12,0.0,6,0,340.65333333333336,2043.92,6,0,0.0,,70,Greed,Greed,Infrequent,Large Positions,Inconsistent
0x8381e6d82f1affd39a336e143e081ef7620a3b7f,2024-04-12,33.26141600000001,10,2,669.609,6696.09,5,5,0.2,1.0,79,Extreme Greed,Greed,Infrequent,Large Positions,Inconsistent
0x8381e6d82f1affd39a336e143e081ef7620a3b7f,2024-05-12,0.0,2,0,294.265,588.53,2,0,0.0,,56,Greed,Greed,Infrequent,Large Positions,Inconsistent
0x8381e6d82f1affd39a336e143e081ef7620a3b7f,2024-06-12,0.0,1,0,292.11,292.11,1,0,0.0,,72,Greed,Greed,Infrequent,Large Positions,Inconsistent
0x8381e6d82f1affd39a336e143e081ef7620a3b7f,2024-07-12,0.0,3,0,1021.2966666666667,3063.8900000000003,3,0,0.0,,25,Fear,Fear,Infrequent,Large Positions,Inconsistent
0x8381e6d82f1affd39a336e143e081ef7620a3b7f,2024-08-12,-21.54374,5,0,984.758,4923.79,3,2,0.0,1.5,25,Fear,Fear,Infrequent,Large Positions,Inconsistent
0x8381e6d82f1affd39a336e143e081ef7620a3b7f,2024-09-12,0.0,4,0,440.95,1763.8,4,0,0.0,,31,Fear,Fear,Infrequent,Large Positions,Inconsistent
0x8381e6d82f1affd39a336e143e081ef7620a3b7f,2024-10-12,0.0,1,0,587.97,587.97,1,0,0.0,,49,Neutral,Greed,Infrequent,Large Positions,Inconsistent
0x8381e6d82f1affd39a336e143e081ef7620a3b7f,2025-01-01,0.0,5,0,200.802,1004.01,5,0,0.0,,66,Greed,Greed,Infrequent,Large Positions,Inconsistent
0x8381e6d82f1affd39a336e143e081ef7620a3b7f,2025-02-02,0.0,19,0,1943.7873684210526,36931.96,19,0,0.0,,60,Greed,Greed,Infrequent,Large Positions,Inconsistent
0x8381e6d82f1affd39a336e143e081ef7620a3b7f,2025-03-02,0.0,8,0,2351.285,18810.28,8,0,0.0,,26,Fear,Fear,Infrequent,Large Positions,Inconsistent
0x8381e6d82f1affd39a336e143e081ef7620a3b7f,2025-04-01,0.0,2,0,710.865,1421.73,2,0,0.0,,34,Fear,Fear,Infrequent,Large Positions,Inconsistent
0x8381e6d82f1affd39a336e143e081ef7620a3b7f,2025-04-02,9167.620989,104,49,58124.15365384616,6044911.98,55,49,0.47115384615384615,1.1224489795918366,44,Fear,Fear,Infrequent,Large Positions,Inconsistent
0x8381e6d82f1affd39a336e143e081ef7620a3b7f,2025-05-01,0.0,1,0,456.83,456.83,1,0,0.0,,53,Neutral,Greed,Infrequent,Large Positions,Inconsistent
0x8381e6d82f1affd39a336e143e081ef7620a3b7f,2025-05-02,1843.301845,327,126,2347.8439143730884,767744.96,172,155,0.3853211009174312,1.1096774193548387,67,Greed,Greed,Infrequent,Large Positions,Inconsistent
0x8477e447846c758f5a675856001ea72298fd9cb5,2024-01-06,91.510419,25,9,513.3848,12834.62,9,16,0.36,0.5625,70,Greed,Greed,Frequent,Small Positions,Inconsistent
0x8477e447846c758f5a675856001ea72298fd9cb5,2024-01-08,167.080017,34,4,1432.7749999999999,48714.35,25,9,0.11764705882352941,2.7777777777777777,71,Greed,Greed,Frequent,Small Positions,Inconsistent
0x8477e447846c758f5a675856001ea72298fd9cb5,2024-01-09,137.433093,12,5,1029.9733333333334,12359.68,7,5,0.4166666666666667,1.4,76,Extreme Greed,Greed,Frequent,Small Positions,Inconsistent
0x8477e447846c758f5a675856001ea72298fd9cb5,2024-01-12,1169.432253,123,55,893.489918699187,109899.26,55,68,0.44715447154471544,0.8088235294117647,71,Greed,Greed,Frequent,Small Positions,Inconsistent
0x8477e447846c758f5a675856001ea72298fd9cb5,2024-02-06,192.906947,93,34,316.822688172043,29464.51,34,59,0.3655913978494624,0.576271186440678,64,Greed,Greed,Frequent,Small Positions,Inconsistent
0x8477e447846c758f5a675856001ea72298fd9cb5,2024-02-08,228.247701,15,12,1984.4720000000002,29767.08,0,15,0.8,0.0,66,Greed,Greed,Frequent,Small Positions,Inconsistent
0x8477e447846c758f5a675856001ea72298fd9cb5,2024-02-12,254.15562,8,1,1667.92875,13343.43,1,7,0.125,0.14285714285714285,70,Greed,Greed,Frequent,Small Positions,Inconsistent
0x8477e447846c758f5a675856001ea72298fd9cb5,2024-03-06,562.808208,70,44,306.66942857142857,21466.86,44,26,0.6285714285714286,1.6923076923076923,75,Extreme Greed,Greed,Frequent,Small Positions,Inconsistent
0x8477e447846c758f5a675856001ea72298fd9cb5,2024-03-08,464.1897,1,1,4534.09,4534.09,1,0,1.0,,81,Extreme Greed,Greed,Frequent,Small Positions,Inconsistent
0x8477e447846c758f5a675856001ea72298fd9cb5,2024-03-12,-158.695661,6,0,2708.735,16252.410000000002,4,2,0.0,2.0,81,Extreme Greed,Greed,Frequent,Small Positions,Inconsistent
0x8477e447846c758f5a675856001ea72298fd9cb5,2024-04-06,52.211438,53,25,457.42283018867926,24243.41,25,28,0.4716981132075472,0.8928571428571429,75,Extreme Greed,Greed,Frequent,Small Positions,Inconsistent
0x8477e447846c758f5a675856001ea72298fd9cb5,2024-04-08,109.005815,17,3,2129.0517647058823,36193.88,14,3,0.17647058823529413,4.666666666666667,76,Extreme Greed,Greed,Frequent,Small Positions,Inconsistent
0x8477e447846c758f5a675856001ea72298fd9cb5,2024-05-06,56.055506,54,16,469.4587037037037,25350.77,17,37,0.2962962962962963,0.4594594594594595,71,Greed,Greed,Frequent,Small Positions,Inconsistent
0x8477e447846c758f5a675856001ea72298fd9cb5,2024-05-08,160.44369899999998,17,7,2357.7947058823524,40082.509999999995,10,7,0.4117647058823529,1.4285714285714286,64,Greed,Greed,Frequent,Small Positions,Inconsistent
0x8477e447846c758f5a675856001ea72298fd9cb5,2024-06-06,274.173187,234,100,587.8536752136753,137557.76,102,132,0.42735042735042733,0.7727272727272727,78,Extreme Greed,Greed,Frequent,Small Positions,Inconsistent
0x8477e447846c758f5a675856001ea72298fd9cb5,2024-07-06,1573.244278,374,146,832.9677272727273,311529.93,128,246,0.39037433155080214,0.5203252032520326,26,Fear,Fear,Frequent,Small Positions,Inconsistent
0x8477e447846c758f5a675856001ea72298fd9cb5,2024-08-06,129.13883900000002,22,8,2379.510454545454,52349.229999999996,14,8,0.36363636363636365,1.75,17,Extreme Fear,Fear,Frequent,Small Positions,Inconsistent
0x8477e447846c758f5a675856001ea72298fd9cb5,2024-09-08,151.092375,69,17,635.3107246376812,43836.44,18,51,0.2463768115942029,0.35294117647058826,29,Fear,Fear,Frequent,Small Positions,Inconsistent
0x8477e447846c758f5a675856001ea72298fd9cb5,2024-09-11,102.90894,77,19,563.4285714285714,43384.0,44,33,0.24675324675324675,1.3333333333333333,37,Fear,Fear,Frequent,Small Positions,Inconsistent
0x8477e447846c758f5a675856001ea72298fd9cb5,2024-10-06,31.266804999999998,49,18,460.97204081632657,22587.63,18,31,0.3673469387755102,0.5806451612903226,50,Neutral,Greed,Frequent,Small Positions,Inconsistent
0x8477e447846c758f5a675856001ea72298fd9cb5,2024-10-11,442.748384,164,45,1361.297987804878,223252.87,45,119,0.27439024390243905,0.37815126050420167,32,Fear,Fear,Frequent,Small Positions,Inconsistent
0x8477e447846c758f5a675856001ea72298fd9cb5,2024-11-06,51.081143,27,9,696.6096296296296,18808.46,18,9,0.3333333333333333,2.0,70,Greed,Greed,Frequent,Small Positions,Inconsistent
0x8477e447846c758f5a675856001ea72298fd9cb5,2024-11-11,4876.874304,172,79,1907.2104069767443,328040.19,83,89,0.45930232558139533,0.9325842696629213,76,Extreme Greed,Greed,Frequent,Small Positions,Inconsistent
0x8477e447846c758f5a675856001ea72298fd9cb5,2024-12-06,-21886.531493,217,21,884.2718433179723,191886.99,78,139,0.0967741935483871,0.5611510791366906,72,Greed,Greed,Frequent,Small Positions,Inconsistent
0x8477e447846c758f5a675856001ea72298fd9cb5,2024-12-11,1441.27965,91,22,1631.5342857142857,148469.62,30,61,0.24175824175824176,0.4918032786885246,74,Greed,Greed,Frequent,Small Positions,Inconsistent
0x8477e447846c758f5a675856001ea72298fd9cb5,2025-01-02,1579.909758,60,29,615.154,36909.24,34,26,0.48333333333333334,1.3076923076923077,70,Greed,Greed,Frequent,Small Positions,Inconsistent
0x8477e447846c758f5a675856001ea72298fd9cb5,2025-01-05,-200.94846,19,0,309.6568421052632,5883.4800000000005,14,5,0.0,2.8,72,Greed,Greed,Frequent,Small Positions,Inconsistent
0x8477e447846c758f5a675856001ea72298fd9cb5,2025-02-01,45.086985,77,10,332.6585714285714,25614.71,11,66,0.12987012987012986,0.16666666666666666,68,Greed,Greed,Frequent,Small Positions,Inconsistent
0x8477e447846c758f5a675856001ea72298fd9cb5,2025-02-02,1023.934713,60,15,1069.4091666666668,64164.55,58,2,0.25,29.0,60,Greed,Greed,Frequent,Small Positions,Inconsistent
0x8477e447846c758f5a675856001ea72298fd9cb5,2025-03-01,909.1721379999999,177,32,251.76581920903956,44562.55,37,140,0.1807909604519774,0.2642857142857143,20,Extreme Fear,Fear,Frequent,Small Positions,Inconsistent
0x8477e447846c758f5a675856001ea72298fd9cb5,2025-03-02,1474.607584,138,67,1645.3448550724638,227057.59,71,67,0.4855072463768116,1.0597014925373134,26,Fear,Fear,Frequent,Small Positions,Inconsistent
0x8477e447846c758f5a675856001ea72298fd9cb5,2025-03-03,468.35197800000003,68,23,575.8669117647058,39158.95,32,36,0.3382352941176471,0.8888888888888888,33,Fear,Fear,Frequent,Small Positions,Inconsistent
0x8477e447846c758f5a675856001ea72298fd9cb5,2025-03-04,0.0,6,0,666.2016666666667,3997.21,6,0,0.0,,15,Extreme Fear,Fear,Frequent,Small Positions,Inconsistent
0x8477e447846c758f5a675856001ea72298fd9cb5,2025-04-01,30.818079,51,2,182.9343137254902,9329.65,2,49,0.0392156862745098,0.04081632653061224,34,Fear,Fear,Frequent,Small Positions,Inconsistent
0x8477e447846c758f5a675856001ea72298fd9cb5,2025-04-02,0.0,6,0,462.50499999999994,2775.0299999999997,0,6,0.0,0.0,44,Fear,Fear,Frequent,Small Positions,Inconsistent
0x8477e447846c758f5a675856001ea72298fd9cb5,2025-04-03,54.2704,8,1,1117.82,8942.56,8,0,0.125,,25,Fear,Fear,Frequent,Small Positions,Inconsistent
0x8477e447846c758f5a675856001ea72298fd9cb5,2025-04-04,586.623362,54,17,483.5138888888889,26109.75,36,18,0.3148148148148148,2.0,28,Fear,Fear,Frequent,Small Positions,Inconsistent
0x8477e447846c758f5a675856001ea72298fd9cb5,2025-05-01,151.429584,51,9,209.45666666666668,10682.29,9,42,0.17647058823529413,0.21428571428571427,53,Neutral,Greed,Frequent,Small Positions,Inconsistent
0x8477e447846c758f5a675856001ea72298fd9cb5,2025-05-02,554.257954,20,12,554.9604999999999,11099.21,12,8,0.6,1.5,67,Greed,Greed,Frequent,Small Positions,Inconsistent
0x92f17e8d81a944691c10e753af1b1baae1a2cd0d,2025-02-02,12245.905048999999,169,75,2370.67449704142,400643.99,94,75,0.4437869822485207,1.2533333333333334,60,Greed,Greed,Frequent,Small Positions,Inconsistent
0xa0feb3725a9335f49874d7cd8eaad6be45b27416,2025-01-02,923.487443,18,18,1390.1038888888888,25021.87,0,18,1.0,0.0,70,Greed,Greed,Frequent,Small Positions,Inconsistent
0xa0feb3725a9335f49874d7cd8eaad6be45b27416,2025-01-05,1449.529436,288,101,1130.8870833333333,325695.48,187,101,0.3506944444444444,1.8514851485148516,72,Greed,Greed,Frequent,Small Positions,Inconsistent
0xa0feb3725a9335f49874d7cd8eaad6be45b27416,2025-02-02,0.0,29,0,1210.4648275862069,35103.479999999996,29,0,0.0,,60,Greed,Greed,Frequent,Small Positions,Inconsistent
0xa0feb3725a9335f49874d7cd8eaad6be45b27416,2025-02-03,625.512206,32,16,1691.2284375000002,54119.310000000005,16,16,0.5,1.0,44,Fear,Fear,Frequent,Small Positions,Inconsistent
0xa0feb3725a9335f49874d7cd8eaad6be45b27416,2025-03-02,2161.6751200000003,15,6,8577.862,128667.93,9,6,0.4,1.5,26,Fear,Fear,Frequent,Small Positions,Inconsistent
0xa0feb3725a9335f49874d7cd8eaad6be45b27416,2025-03-03,60.171373,176,15,234.52426136363636,41276.27,160,16,0.08522727272727272,10.0,33,Fear,Fear,Frequent,Small Positions,Inconsistent
0xa0feb3725a9335f49874d7cd8eaad6be45b27416,2025-04-02,4624.583773,731,138,1221.8522845417237,893174.02,573,158,0.18878248974008208,3.6265822784810124,44,Fear,Fear,Frequent,Small Positions,Inconsistent
0xa0feb3725a9335f49874d7cd8eaad6be45b27416,2025-04-03,0.0,40,0,369.27675,14771.07,40,0,0.0,,25,Fear,Fear,Frequent,Small Positions,Inconsistent
0xa0feb3725a9335f49874d7cd8eaad6be45b27416,2025-05-02,-6194.283149,368,45,4161.944646739131,1531595.6300000001,263,105,0.12228260869565218,2.5047619047619047,67,Greed,Greed,Frequent,Small Positions,Inconsistent
0xa520ded057a32086c40e7dd6ed4eb8efb82c00e0,2024-01-12,34709.852428,61,49,856.4519672131147,52243.57,12,49,0.8032786885245902,0.24489795918367346,71,Greed,Greed,Infrequent,Small Positions,Inconsistent
0xa520ded057a32086c40e7dd6ed4eb8efb82c00e0,2024-03-08,0.0,16,0,9281.686875,148506.99,16,0,0.0,,81,Extreme Greed,Greed,Infrequent,Small Positions,Inconsistent
0xa520ded057a32086c40e7dd6ed4eb8efb82c00e0,2024-03-12,0.0,34,0,2941.1758823529412,99999.98,34,0,0.0,,81,Extreme Greed,Greed,Infrequent,Small Positions,Inconsistent
0xa520ded057a32086c40e7dd6ed4eb8efb82c00e0,2024-04-08,-14176.51042,10,0,13492.987,134929.87,8,2,0.0,4.0,76,Extreme Greed,Greed,Infrequent,Small Positions,Inconsistent
0xa520ded057a32086c40e7dd6ed4eb8efb82c00e0,2024-05-08,0.0,2,0,10053.805,20107.61,2,0,0.0,,64,Greed,Greed,Infrequent,Small Positions,Inconsistent
0xa520ded057a32086c40e7dd6ed4eb8efb82c00e0,2024-07-08,0.0,1,0,500.0,500.0,1,0,0.0,,28,Fear,Fear,Infrequent,Small Positions,Inconsistent
0xa520ded057a32086c40e7dd6ed4eb8efb82c00e0,2024-07-11,3360.9281,95,48,208.8205263157895,19837.95,47,48,0.5052631578947369,0.9791666666666666,29,Fear,Fear,Infrequent,Small Positions,Inconsistent
0xa520ded057a32086c40e7dd6ed4eb8efb82c00e0,2024-08-08,-40.712216999999995,4,0,114.82,459.28,0,4,0.0,0.0,20,Extreme Fear,Fear,Infrequent,Small Positions,Inconsistent
0xa520ded057a32086c40e7dd6ed4eb8efb82c00e0,2024-08-09,0.0,1,0,0.11,0.11,0,1,0.0,0.0,48,Neutral,Greed,Infrequent,Small Positions,Inconsistent
0xa520ded057a32086c40e7dd6ed4eb8efb82c00e0,2024-09-08,0.0,2,0,250.0,500.0,2,0,0.0,,29,Fear,Fear,Infrequent,Small Positions,Inconsistent
0xa520ded057a32086c40e7dd6ed4eb8efb82c00e0,2024-10-09,-219.729659,2,0,890.27,1780.54,0,2,0.0,0.0,49,Neutral,Greed,Infrequent,Small Positions,Inconsistent
0xa520ded057a32086c40e7dd6ed4eb8efb82c00e0,2024-10-12,0.0,8,0,13718.098750000001,109744.79000000001,8,0,0.0,,49,Neutral,Greed,Infrequent,Small Positions,Inconsistent
0xa520ded057a32086c40e7dd6ed4eb8efb82c00e0,2024-11-12,994.238977,15,15,165.00133333333332,2475.02,0,15,1.0,0.0,80,Extreme Greed,Greed,Infrequent,Small Positions,Inconsistent
0xa520ded057a32086c40e7dd6ed4eb8efb82c00e0,2024-12-12,2512.437585,4,4,1374.4125000000001,5497.650000000001,0,4,1.0,0.0,83,Extreme Greed,Greed,Infrequent,Small Positions,Inconsistent
0xa520ded057a32086c40e7dd6ed4eb8efb82c00e0,2025-03-02,20.596691,1,1,999.91,999.91,0,1,1.0,0.0,26,Fear,Fear,Infrequent,Small Positions,Inconsistent
0xa520ded057a32086c40e7dd6ed4eb8efb82c00e0,2025-04-01,556.803152,5,5,213.09399999999997,1065.4699999999998,0,5,1.0,0.0,34,Fear,Fear,Infrequent,Small Positions,Inconsistent
0xae5eacaf9c6b9111fd53034a602c192a04e082ed,2024-02-12,0.0,44,0,1779.0295454545455,78277.3,44,0,0.0,,70,Greed,Greed,Infrequent,Small Positions,Consistent
0xae5eacaf9c6b9111fd53034a602c192a04e082ed,2024-03-12,20925.513222,145,105,3898.738206896552,565317.04,40,105,0.7241379310344828,0.38095238095238093,81,Extreme Greed,Greed,Infrequent,Small Positions,Consistent
0xae5eacaf9c6b9111fd53034a602c192a04e082ed,2024-04-12,0.0,1,0,0.1,0.1,0,1,0.0,0.0,79,Extreme Greed,Greed,Infrequent,Small Positions,Consistent
0xae5eacaf9c6b9111fd53034a602c192a04e082ed,2025-04-03,0.0,21,0,7268.525238095238,152639.03,21,0,0.0,,25,Fear,Fear,Infrequent,Small Positions,Consistent
0xaf40fdc468c30116bd3307bcbf4a451a7ebf1deb,2024-09-12,0.0,4,0,1968.8700000000001,7875.4800000000005,4,0,0.0,,31,Fear,Fear,Infrequent,Large Positions,Consistent
0xaf40fdc468c30116bd3307bcbf4a451a7ebf1deb,2024-11-12,39.7705,1,1,7158.62,7158.62,0,1,1.0,0.0,80,Extreme Greed,Greed,Infrequent,Large Positions,Consistent
0xaf40fdc468c30116bd3307bcbf4a451a7ebf1deb,2024-12-12,15.24474,1,1,771.87,771.87,0,1,1.0,0.0,83,Extreme Greed,Greed,Infrequent,Large Positions,Consistent
0xaf40fdc468c30116bd3307bcbf4a451a7ebf1deb,2025-03-04,2020.0,8,1,42527.5,340220.0,7,1,0.125,7.0,15,Extreme Fear,Fear,Infrequent,Large Positions,Consistent
0xb1231a4a2dd02f2276fa3c5e2a2f3436e6bfed23,2023-05-12,0.0,9,0,5556.203333333334,50005.83,7,2,0.0,3.5,49,Neutral,Greed,Frequent,Large Positions,Inconsistent
0xb1231a4a2dd02f2276fa3c5e2a2f3436e6bfed23,2024-01-01,-129.53146,18,1,14679.973888888888,264239.52999999997,10,8,0.05555555555555555,1.25,65,Greed,Greed,Frequent,Large Positions,Inconsistent
0xb1231a4a2dd02f2276fa3c5e2a2f3436e6bfed23,2024-01-02,0.0,6,0,334.69666666666666,2008.18,6,0,0.0,,71,Greed,Greed,Frequent,Large Positions,Inconsistent
0xb1231a4a2dd02f2276fa3c5e2a2f3436e6bfed23,2024-01-07,3863.351096,51,17,5205.286274509804,265469.6,4,47,0.3333333333333333,0.0851063829787234,71,Greed,Greed,Frequent,Large Positions,Inconsistent
0xb1231a4a2dd02f2276fa3c5e2a2f3436e6bfed23,2024-01-08,0.0,9,0,3896.047777777778,35064.43,9,0,0.0,,71,Greed,Greed,Frequent,Large Positions,Inconsistent
0xb1231a4a2dd02f2276fa3c5e2a2f3436e6bfed23,2024-02-01,783.979116,17,8,7138.1611764705885,121348.74,9,8,0.47058823529411764,1.125,63,Greed,Greed,Frequent,Large Positions,Inconsistent
0xb1231a4a2dd02f2276fa3c5e2a2f3436e6bfed23,2024-02-02,456.423473,42,13,11292.343571428572,474278.43,19,23,0.30952380952380953,0.8260869565217391,63,Greed,Greed,Frequent,Large Positions,Inconsistent
0xb1231a4a2dd02f2276fa3c5e2a2f3436e6bfed23,2024-02-03,-1443.814567,7,0,420.5385714285714,2943.77,7,0,0.0,,60,Greed,Greed,Frequent,Large Positions,Inconsistent
0xb1231a4a2dd02f2276fa3c5e2a2f3436e6bfed23,2024-02-04,0.0,4,0,3749.9725,14999.89,4,0,0.0,,60,Greed,Greed,Frequent,Large Positions,Inconsistent
0xb1231a4a2dd02f2276fa3c5e2a2f3436e6bfed23,2024-02-07,2421.253116,18,13,1852.6372222222224,33347.47,13,5,0.7222222222222222,2.6,62,Greed,Greed,Frequent,Large Positions,Inconsistent
0xb1231a4a2dd02f2276fa3c5e2a2f3436e6bfed23,2024-02-08,554.12049,12,5,5882.177500000001,70586.13,7,5,0.4166666666666667,1.4,66,Greed,Greed,Frequent,Large Positions,Inconsistent
0xb1231a4a2dd02f2276fa3c5e2a2f3436e6bfed23,2024-03-01,866.015507,67,28,5888.050149253731,394499.36,32,35,0.417910447761194,0.9142857142857143,80,Extreme Greed,Greed,Frequent,Large Positions,Inconsistent
0xb1231a4a2dd02f2276fa3c5e2a2f3436e6bfed23,2024-03-02,223.30918699999998,56,6,10782.5,603820.0,18,38,0.10714285714285714,0.47368421052631576,80,Extreme Greed,Greed,Frequent,Large Positions,Inconsistent
0xb1231a4a2dd02f2276fa3c5e2a2f3436e6bfed23,2024-03-04,0.0,2,0,4999.83,9999.66,2,0,0.0,,82,Extreme Greed,Greed,Frequent,Large Positions,Inconsistent
0xb1231a4a2dd02f2276fa3c5e2a2f3436e6bfed23,2024-03-05,0.0,6,0,829.8083333333334,4978.85,0,6,0.0,0.0,90,Extreme Greed,Greed,Frequent,Large Positions,Inconsistent
0xb1231a4a2dd02f2276fa3c5e2a2f3436e6bfed23,2024-03-07,0.0,8,0,9465.0725,75720.58,8,0,0.0,,82,Extreme Greed,Greed,Frequent,Large Positions,Inconsistent
0xb1231a4a2dd02f2276fa3c5e2a2f3436e6bfed23,2024-03-08,0.0,6,0,4168.69,25012.14,6,0,0.0,,81,Extreme Greed,Greed,Frequent,Large Positions,Inconsistent
0xb1231a4a2dd02f2276fa3c5e2a2f3436e6bfed23,2024-04-01,-67.60364,5,0,19958.508,99792.54000000001,2,3,0.0,0.6666666666666666,79,Extreme Greed,Greed,Frequent,Large Positions,Inconsistent
0xb1231a4a2dd02f2276fa3c5e2a2f3436e6bfed23,2024-04-02,47.62389499999999,35,9,5805.358,203187.53,19,16,0.2571428571428571,1.1875,79,Extreme Greed,Greed,Frequent,Large Positions,Inconsistent
0xb1231a4a2dd02f2276fa3c5e2a2f3436e6bfed23,2024-04-03,1026.004099,13,13,290.5161538461538,3776.71,0,13,1.0,0.0,71,Greed,Greed,Frequent,Large Positions,Inconsistent
0xb1231a4a2dd02f2276fa3c5e2a2f3436e6bfed23,2024-04-05,0.0,3,0,1666.47,4999.41,0,3,0.0,0.0,79,Extreme Greed,Greed,Frequent,Large Positions,Inconsistent
0xb1231a4a2dd02f2276fa3c5e2a2f3436e6bfed23,2024-04-07,0.0,11,0,15958.708181818183,175545.79,11,0,0.0,,78,Extreme Greed,Greed,Frequent,Large Positions,Inconsistent
0xb1231a4a2dd02f2276fa3c5e2a2f3436e6bfed23,2024-04-08,0.0,27,0,5002.563703703704,135069.22,26,1,0.0,26.0,76,Extreme Greed,Greed,Frequent,Large Positions,Inconsistent
0xb1231a4a2dd02f2276fa3c5e2a2f3436e6bfed23,2024-04-09,1065.785132,33,5,2923.5148484848487,96475.99,30,3,0.15151515151515152,10.0,80,Extreme Greed,Greed,Frequent,Large Positions,Inconsistent
0xb1231a4a2dd02f2276fa3c5e2a2f3436e6bfed23,2024-04-10,0.0,1,0,0.34,0.34,0,1,0.0,0.0,78,Extreme Greed,Greed,Frequent,Large Positions,Inconsistent
0xb1231a4a2dd02f2276fa3c5e2a2f3436e6bfed23,2024-04-12,274999.139393,44,44,6249.985227272727,274999.35,0,44,1.0,0.0,79,Extreme Greed,Greed,Frequent,Large Positions,Inconsistent
0xb1231a4a2dd02f2276fa3c5e2a2f3436e6bfed23,2024-05-01,164.141565,66,13,25817.31303030303,1703942.66,31,35,0.19696969696969696,0.8857142857142857,54,Neutral,Greed,Frequent,Large Positions,Inconsistent
0xb1231a4a2dd02f2276fa3c5e2a2f3436e6bfed23,2024-05-02,-33.45419400000003,72,14,10697.198055555556,770198.26,33,39,0.19444444444444445,0.8461538461538461,43,Fear,Fear,Frequent,Large Positions,Inconsistent
0xb1231a4a2dd02f2276fa3c5e2a2f3436e6bfed23,2024-05-04,965.5522159999999,8,8,3245.635,25965.08,0,8,1.0,0.0,67,Greed,Greed,Frequent,Large Positions,Inconsistent
0xb1231a4a2dd02f2276fa3c5e2a2f3436e6bfed23,2024-05-07,0.0,12,0,165.92916666666667,1991.15,12,0,0.0,,68,Greed,Greed,Frequent,Large Positions,Inconsistent
0xb1231a4a2dd02f2276fa3c5e2a2f3436e6bfed23,2024-05-08,-8394.889856,44,26,3331.070909090909,146567.12,14,30,0.5909090909090909,0.4666666666666667,64,Greed,Greed,Frequent,Large Positions,Inconsistent
0xb1231a4a2dd02f2276fa3c5e2a2f3436e6bfed23,2024-05-12,49999.876084999996,4,4,12499.98,49999.92,0,4,1.0,0.0,56,Greed,Greed,Frequent,Large Positions,Inconsistent
0xb1231a4a2dd02f2276fa3c5e2a2f3436e6bfed23,2024-06-01,135.58166400000002,22,10,13569.154545454547,298521.4,11,11,0.45454545454545453,1.0,72,Greed,Greed,Frequent,Large Positions,Inconsistent
0xb1231a4a2dd02f2276fa3c5e2a2f3436e6bfed23,2024-06-02,-215.615907,1088,179,7396.280707720588,8047153.41,518,570,0.1645220588235294,0.9087719298245615,73,Greed,Greed,Frequent,Large Positions,Inconsistent
0xb1231a4a2dd02f2276fa3c5e2a2f3436e6bfed23,2024-06-07,108.87217799999999,24,7,103.75708333333334,2490.17,17,7,0.2916666666666667,2.4285714285714284,77,Extreme Greed,Greed,Frequent,Large Positions,Inconsistent
0xb1231a4a2dd02f2276fa3c5e2a2f3436e6bfed23,2024-06-08,51.56325,80,5,758.8422499999999,60707.38,75,5,0.0625,15.0,72,Greed,Greed,Frequent,Large Positions,Inconsistent
0xb1231a4a2dd02f2276fa3c5e2a2f3436e6bfed23,2024-06-09,-1104.856765,38,0,106.74815789473683,4056.43,0,38,0.0,0.0,75,Extreme Greed,Greed,Frequent,Large Positions,Inconsistent
0xb1231a4a2dd02f2276fa3c5e2a2f3436e6bfed23,2024-06-12,74999.848329,25,25,2999.9956,74999.89,0,25,1.0,0.0,72,Greed,Greed,Frequent,Large Positions,Inconsistent
0xb1231a4a2dd02f2276fa3c5e2a2f3436e6bfed23,2024-07-01,-835.681235,97,9,10812.887216494846,1048850.06,52,45,0.09278350515463918,1.1555555555555554,53,Neutral,Greed,Frequent,Large Positions,Inconsistent
0xb1231a4a2dd02f2276fa3c5e2a2f3436e6bfed23,2024-07-02,241.24212,15,2,450.582,6758.73,7,8,0.13333333333333333,0.875,51,Neutral,Greed,Frequent,Large Positions,Inconsistent
0xb1231a4a2dd02f2276fa3c5e2a2f3436e6bfed23,2024-07-05,227.320653,7,2,1395.532857142857,9768.73,2,5,0.2857142857142857,0.4,29,Fear,Fear,Frequent,Large Positions,Inconsistent
0xb1231a4a2dd02f2276fa3c5e2a2f3436e6bfed23,2024-07-06,0.0,14,0,77.5807142857143,1086.13,14,0,0.0,,26,Fear,Fear,Frequent,Large Positions,Inconsistent
0xb1231a4a2dd02f2276fa3c5e2a2f3436e6bfed23,2024-07-07,61.428942,10,10,49.875,498.75,0,10,1.0,0.0,29,Fear,Fear,Frequent,Large Positions,Inconsistent
0xb1231a4a2dd02f2276fa3c5e2a2f3436e6bfed23,2024-07-08,188.789255,21,10,94.89190476190477,1992.73,11,10,0.47619047619047616,1.1,28,Fear,Fear,Frequent,Large Positions,Inconsistent
0xb1231a4a2dd02f2276fa3c5e2a2f3436e6bfed23,2024-07-12,74999.62263,5,3,15999.469999999998,79997.34999999999,0,5,0.6,0.0,25,Fear,Fear,Frequent,Large Positions,Inconsistent
0xb1231a4a2dd02f2276fa3c5e2a2f3436e6bfed23,2024-08-01,-269.874439,128,32,11894.159609375,1522452.43,40,88,0.25,0.45454545454545453,52,Neutral,Greed,Frequent,Large Positions,Inconsistent
0xb1231a4a2dd02f2276fa3c5e2a2f3436e6bfed23,2024-08-02,770.756024,10,4,2605.112,26051.12,2,8,0.4,0.25,57,Greed,Greed,Frequent,Large Positions,Inconsistent
0xb1231a4a2dd02f2276fa3c5e2a2f3436e6bfed23,2024-08-07,0.0,1,0,497.64,497.64,1,0,0.0,,29,Fear,Fear,Frequent,Large Positions,Inconsistent
0xb1231a4a2dd02f2276fa3c5e2a2f3436e6bfed23,2024-08-08,0.0,5,0,3168.014,15840.07,5,0,0.0,,20,Extreme Fear,Fear,Frequent,Large Positions,Inconsistent
0xb1231a4a2dd02f2276fa3c5e2a2f3436e6bfed23,2024-08-10,0.0,1,0,0.58,0.58,0,1,0.0,0.0,40,Fear,Fear,Frequent,Large Positions,Inconsistent
0xb1231a4a2dd02f2276fa3c5e2a2f3436e6bfed23,2024-08-12,0.0,145,0,3572.0706206896552,517950.24,0,145,0.0,0.0,25,Fear,Fear,Frequent,Large Positions,Inconsistent
0xb1231a4a2dd02f2276fa3c5e2a2f3436e6bfed23,2024-09-01,-826.349863,70,18,12429.313857142857,870051.97,28,42,0.2571428571428571,0.6666666666666666,26,Fear,Fear,Frequent,Large Positions,Inconsistent
0xb1231a4a2dd02f2276fa3c5e2a2f3436e6bfed23,2024-09-05,0.0,3,0,1658.5133333333333,4975.54,0,3,0.0,0.0,29,Fear,Fear,Frequent,Large Positions,Inconsistent
0xb1231a4a2dd02f2276fa3c5e2a2f3436e6bfed23,2024-09-06,0.0,12,0,117.52166666666666,1410.26,12,0,0.0,,22,Extreme Fear,Fear,Frequent,Large Positions,Inconsistent
0xb1231a4a2dd02f2276fa3c5e2a2f3436e6bfed23,2024-09-07,648.984412,15,15,182.42999999999998,2736.45,0,15,1.0,0.0,23,Extreme Fear,Fear,Frequent,Large Positions,Inconsistent
0xb1231a4a2dd02f2276fa3c5e2a2f3436e6bfed23,2024-09-08,6783.078347,60,17,5447.171666666666,326830.3,31,29,0.2833333333333333,1.0689655172413792,29,Fear,Fear,Frequent,Large Positions,Inconsistent
0xb1231a4a2dd02f2276fa3c5e2a2f3436e6bfed23,2024-09-09,0.0,2,0,2007.2150000000001,4014.4300000000003,2,0,0.0,,26,Fear,Fear,Frequent,Large Positions,Inconsistent
0xb1231a4a2dd02f2276fa3c5e2a2f3436e6bfed23,2024-10-01,-1517.091342,193,41,10660.515440414507,2057479.48,92,101,0.21243523316062177,0.9108910891089109,50,Neutral,Greed,Frequent,Large Positions,Inconsistent
0xb1231a4a2dd02f2276fa3c5e2a2f3436e6bfed23,2024-10-07,382.10788099999996,13,5,1229.4692307692308,15983.1,0,13,0.38461538461538464,0.0,50,Neutral,Greed,Frequent,Large Positions,Inconsistent
0xb1231a4a2dd02f2276fa3c5e2a2f3436e6bfed23,2024-10-08,0.0,87,0,130.32885057471265,11338.61,87,0,0.0,,49,Neutral,Greed,Frequent,Large Positions,Inconsistent
0xb1231a4a2dd02f2276fa3c5e2a2f3436e6bfed23,2024-10-09,0.0,1,0,766.74,766.74,1,0,0.0,,49,Neutral,Greed,Frequent,Large Positions,Inconsistent
0xb1231a4a2dd02f2276fa3c5e2a2f3436e6bfed23,2024-11-01,-164.08950099999998,19,5,13641.064736842105,259180.22999999998,11,8,0.2631578947368421,1.375,75,Extreme Greed,Greed,Frequent,Large Positions,Inconsistent
0xb1231a4a2dd02f2276fa3c5e2a2f3436e6bfed23,2024-11-02,983.443176,34,7,6244.465294117647,212311.82,23,11,0.20588235294117646,2.090909090909091,72,Greed,Greed,Frequent,Large Positions,Inconsistent
0xb1231a4a2dd02f2276fa3c5e2a2f3436e6bfed23,2024-11-06,4269.550668,75,8,1046.24,78468.0,75,0,0.10666666666666667,,70,Greed,Greed,Frequent,Large Positions,Inconsistent
0xb1231a4a2dd02f2276fa3c5e2a2f3436e6bfed23,2024-11-08,0.0,16,0,211.8975,3390.36,16,0,0.0,,75,Extreme Greed,Greed,Frequent,Large Positions,Inconsistent
0xb1231a4a2dd02f2276fa3c5e2a2f3436e6bfed23,2024-11-12,274998.942584,156,156,1762.8148717948718,274999.12,0,156,1.0,0.0,80,Extreme Greed,Greed,Frequent,Large Positions,Inconsistent
0xb1231a4a2dd02f2276fa3c5e2a2f3436e6bfed23,2024-12-01,-1925.519024,7,0,28583.181428571428,200082.27,5,2,0.0,2.5,81,Extreme Greed,Greed,Frequent,Large Positions,Inconsistent
0xb1231a4a2dd02f2276fa3c5e2a2f3436e6bfed23,2024-12-02,913.8817869999998,16,6,14202.981249999999,227247.69999999998,11,5,0.375,2.2,80,Extreme Greed,Greed,Frequent,Large Positions,Inconsistent
0xb1231a4a2dd02f2276fa3c5e2a2f3436e6bfed23,2024-12-04,-2830.444513,15,0,2021.84,30327.6,15,0,0.0,,78,Extreme Greed,Greed,Frequent,Large Positions,Inconsistent
0xb1231a4a2dd02f2276fa3c5e2a2f3436e6bfed23,2024-12-05,0.0,13,0,782.6861538461538,10174.92,7,6,0.0,1.1666666666666667,84,Extreme Greed,Greed,Frequent,Large Positions,Inconsistent
0xb1231a4a2dd02f2276fa3c5e2a2f3436e6bfed23,2024-12-06,0.0,37,0,41.1072972972973,1520.97,37,0,0.0,,72,Greed,Greed,Frequent,Large Positions,Inconsistent
0xb1231a4a2dd02f2276fa3c5e2a2f3436e6bfed23,2024-12-07,1412.314654,9,9,1508.48,13576.32,9,0,1.0,,75,Extreme Greed,Greed,Frequent,Large Positions,Inconsistent
0xb1231a4a2dd02f2276fa3c5e2a2f3436e6bfed23,2024-12-08,0.0,31,0,323.4293548387097,10026.31,23,8,0.0,2.875,79,Extreme Greed,Greed,Frequent,Large Positions,Inconsistent
0xb1231a4a2dd02f2276fa3c5e2a2f3436e6bfed23,2024-12-12,449328.107544,314,314,1430.9824522292993,449328.49,0,314,1.0,0.0,83,Extreme Greed,Greed,Frequent,Large Positions,Inconsistent
0xb1231a4a2dd02f2276fa3c5e2a2f3436e6bfed23,2025-01-02,15452.344326,11,3,1400.39,15404.29,11,0,0.2727272727272727,,70,Greed,Greed,Frequent,Large Positions,Inconsistent
0xb1231a4a2dd02f2276fa3c5e2a2f3436e6bfed23,2025-01-05,102460.17164,73,57,3462.1106849315065,252734.08,57,16,0.7808219178082192,3.5625,72,Greed,Greed,Frequent,Large Positions,Inconsistent
0xb1231a4a2dd02f2276fa3c5e2a2f3436e6bfed23,2025-02-01,0.0,6,0,1666.6133333333335,9999.68,6,0,0.0,,68,Greed,Greed,Frequent,Large Positions,Inconsistent
0xb1231a4a2dd02f2276fa3c5e2a2f3436e6bfed23,2025-02-02,69051.70619,88,71,6537.665,575314.52,88,0,0.8068181818181818,,60,Greed,Greed,Frequent,Large Positions,Inconsistent
0xb1231a4a2dd02f2276fa3c5e2a2f3436e6bfed23,2025-03-01,0.0,18,0,557.795,10040.31,18,0,0.0,,20,Extreme Fear,Fear,Frequent,Large Positions,Inconsistent
0xb1231a4a2dd02f2276fa3c5e2a2f3436e6bfed23,2025-03-02,46742.288748,258,89,1333.0556976744185,343928.37,127,131,0.3449612403100775,0.9694656488549618,26,Fear,Fear,Frequent,Large Positions,Inconsistent
0xb1231a4a2dd02f2276fa3c5e2a2f3436e6bfed23,2025-03-04,0.0,9,0,5555.549999999999,49999.95,9,0,0.0,,15,Extreme Fear,Fear,Frequent,Large Positions,Inconsistent
0xb1231a4a2dd02f2276fa3c5e2a2f3436e6bfed23,2025-04-01,1659.7995640000001,19,13,1695.0778947368422,32206.48,6,13,0.6842105263157895,0.46153846153846156,34,Fear,Fear,Frequent,Large Positions,Inconsistent
0xb1231a4a2dd02f2276fa3c5e2a2f3436e6bfed23,2025-04-02,16102.444634,661,238,2456.432904689864,1623702.15,258,403,0.3600605143721634,0.6401985111662531,44,Fear,Fear,Frequent,Large Positions,Inconsistent
0xb1231a4a2dd02f2276fa3c5e2a2f3436e6bfed23,2025-04-03,0.0,77,0,1769.9948051948052,136289.6,77,0,0.0,,25,Fear,Fear,Frequent,Large Positions,Inconsistent
0xb1231a4a2dd02f2276fa3c5e2a2f3436e6bfed23,2025-04-04,2242.086667,99,65,1138.8816161616162,112749.28,34,65,0.6565656565656566,0.5230769230769231,28,Fear,Fear,Frequent,Large Positions,Inconsistent
0xb1231a4a2dd02f2276fa3c5e2a2f3436e6bfed23,2025-05-01,956.5545050000001,33,32,332.21393939393937,10963.06,0,33,0.9696969696969697,0.0,53,Neutral,Greed,Frequent,Large Positions,Inconsistent
0xb1231a4a2dd02f2276fa3c5e2a2f3436e6bfed23,2025-05-02,14644.100674,218,92,2359.758899082569,514427.44,92,126,0.42201834862385323,0.7301587301587301,67,Greed,Greed,Frequent,Large Positions,Inconsistent
0xb899e522b5715391ae1d4f137653e7906c5e2115,2025-02-03,34795.678173,155,75,24787.07348387097,3841996.39,80,75,0.4838709677419355,1.0666666666666667,44,Fear,Fear,Frequent,Large Positions,Consistent
0xb899e522b5715391ae1d4f137653e7906c5e2115,2025-03-03,535.4072209999999,31,14,16874.44419354839,523107.77,17,14,0.45161290322580644,1.2142857142857142,33,Fear,Fear,Frequent,Large Positions,Consistent
0xb899e522b5715391ae1d4f137653e7906c5e2115,2025-03-04,361.071464,24,7,28371.712916666667,680921.11,12,12,0.2916666666666667,1.0,15,Extreme Fear,Fear,Frequent,Large Positions,Consistent
0xb899e522b5715391ae1d4f137653e7906c5e2115,2025-04-03,4578.655427,124,63,17691.147903225807,2193702.34,51,73,0.5080645161290323,0.6986301369863014,25,Fear,Fear,Frequent,Large Positions,Consistent
0xb899e522b5715391ae1d4f137653e7906c5e2115,2025-04-04,0.0,6,0,16948.606666666667,101691.64,6,0,0.0,,28,Fear,Fear,Frequent,Large Positions,Consistent
0xbaaaf6571ab7d571043ff1e313a9609a10637864,2025-01-05,1.86032,1,1,3.9,3.9,0,1,1.0,0.0,72,Greed,Greed,Frequent,Small Positions,Inconsistent
0xbaaaf6571ab7d571043ff1e313a9609a10637864,2025-02-04,188114.980392,743,743,3804.6953432032305,2826888.64,0,743,1.0,0.0,72,Greed,Greed,Frequent,Small Positions,Inconsistent
0xbaaaf6571ab7d571043ff1e313a9609a10637864,2025-03-04,3869.208803,937,476,4677.174855923159,4382512.84,439,498,0.5080042689434365,0.8815261044176707,15,Extreme Fear,Fear,Frequent,Small Positions,Inconsistent
0xbaaaf6571ab7d571043ff1e313a9609a10637864,2025-04-03,0.0,563,0,6625.281438721137,3730033.45,563,0,0.0,,25,Fear,Fear,Frequent,Small Positions,Inconsistent
0xbaaaf6571ab7d571043ff1e313a9609a10637864,2025-04-04,9367.872074,318,216,2198.7353773584905,699197.85,100,218,0.6792452830188679,0.45871559633027525,28,Fear,Fear,Frequent,Small Positions,Inconsistent
0xbd5fead7180a9c139fa51a103cb6a2ce86ddb5c3,2024-10-12,0.0,52,0,2798.660769230769,145530.36,0,52,0.0,0.0,49,Neutral,Greed,Frequent,Large Positions,Inconsistent
0xbd5fead7180a9c139fa51a103cb6a2ce86ddb5c3,2024-11-12,0.0,17,0,637.4164705882353,10836.08,0,17,0.0,0.0,80,Extreme Greed,Greed,Frequent,Large Positions,Inconsistent
0xbd5fead7180a9c139fa51a103cb6a2ce86ddb5c3,2024-12-12,0.0,1,0,5158.5,5158.5,0,1,0.0,0.0,83,Extreme Greed,Greed,Frequent,Large Positions,Inconsistent
0xbd5fead7180a9c139fa51a103cb6a2ce86ddb5c3,2025-01-04,-9311.892185,28,0,5608.603928571429,157040.91,20,8,0.0,2.5,73,Greed,Greed,Frequent,Large Positions,Inconsistent
0xbd5fead7180a9c139fa51a103cb6a2ce86ddb5c3,2025-01-05,-113601.02013799999,116,1,16681.46775862069,1935050.26,76,40,0.008620689655172414,1.9,72,Greed,Greed,Frequent,Large Positions,Inconsistent
0xbd5fead7180a9c139fa51a103cb6a2ce86ddb5c3,2025-02-03,-2632.65866,84,0,12216.244880952381,1026164.57,84,0,0.0,,44,Fear,Fear,Frequent,Large Positions,Inconsistent
0xbd5fead7180a9c139fa51a103cb6a2ce86ddb5c3,2025-02-04,2676.6850000000004,66,62,2821.9739393939394,186250.28,0,66,0.9393939393939394,0.0,72,Greed,Greed,Frequent,Large Positions,Inconsistent
0xbd5fead7180a9c139fa51a103cb6a2ce86ddb5c3,2025-03-01,0.0,61,0,1834.7278688524589,111918.4,0,61,0.0,0.0,20,Extreme Fear,Fear,Frequent,Large Positions,Inconsistent
0xbd5fead7180a9c139fa51a103cb6a2ce86ddb5c3,2025-03-02,160022.95082600001,69,69,3243.988695652174,223835.22,69,0,1.0,,26,Fear,Fear,Frequent,Large Positions,Inconsistent
0xbd5fead7180a9c139fa51a103cb6a2ce86ddb5c3,2025-03-03,57561.35367,136,112,8611.731764705883,1171195.52,75,61,0.8235294117647058,1.2295081967213115,33,Fear,Fear,Frequent,Large Positions,Inconsistent
0xbd5fead7180a9c139fa51a103cb6a2ce86ddb5c3,2025-03-04,-5862.0887760000005,12,0,7051.005833333334,84612.07,12,0,0.0,,15,Extreme Fear,Fear,Frequent,Large Positions,Inconsistent
0xbd5fead7180a9c139fa51a103cb6a2ce86ddb5c3,2025-04-02,0.0,18,0,3777.777777777778,68000.0,0,18,0.0,0.0,44,Fear,Fear,Frequent,Large Positions,Inconsistent
0xbd5fead7180a9c139fa51a103cb6a2ce86ddb5c3,2025-04-03,0.0,2,0,86000.0,172000.0,2,0,0.0,,25,Fear,Fear,Frequent,Large Positions,Inconsistent
0xbd5fead7180a9c139fa51a103cb6a2ce86ddb5c3,2025-04-04,-43753.361578,132,24,5448.201969696969,719162.6599999999,24,108,0.18181818181818182,0.2222222222222222,28,Fear,Fear,Frequent,Large Positions,Inconsistent
0xbee1707d6b44d4d52bfe19e41f8a828645437aab,2024-08-12,15206.395076,92,84,3401.4840217391306,312936.53,15,77,0.9130434782608695,0.19480519480519481,25,Fear,Fear,Frequent,Small Positions,Inconsistent
0xbee1707d6b44d4d52bfe19e41f8a828645437aab,2024-09-12,2397.068675,143,9,3120.5087412587413,446232.75,134,9,0.06293706293706294,14.88888888888889,31,Fear,Fear,Frequent,Small Positions,Inconsistent
0xbee1707d6b44d4d52bfe19e41f8a828645437aab,2024-10-12,26600.990442,928,535,1859.9979202586208,1726078.07,220,708,0.5765086206896551,0.3107344632768362,49,Neutral,Greed,Frequent,Small Positions,Inconsistent
0xbee1707d6b44d4d52bfe19e41f8a828645437aab,2024-11-12,24663.690943,530,519,1207.490075471698,639969.74,11,519,0.9792452830188679,0.02119460500963391,80,Extreme Greed,Greed,Frequent,Small Positions,Inconsistent
0xbee1707d6b44d4d52bfe19e41f8a828645437aab,2024-12-12,130826.491662,1041,848,2596.416272814601,2702869.34,167,874,0.8146013448607109,0.19107551487414187,83,Extreme Greed,Greed,Frequent,Small Positions,Inconsistent
0xbee1707d6b44d4d52bfe19e41f8a828645437aab,2025-01-02,2954.521713,187,133,1204.9785026737968,225330.98,73,114,0.7112299465240641,0.6403508771929824,70,Greed,Greed,Frequent,Small Positions,Inconsistent
0xbee1707d6b44d4d52bfe19e41f8a828645437aab,2025-01-03,446.358633,51,16,1384.9447058823528,70632.18,36,15,0.3137254901960784,2.4,74,Greed,Greed,Frequent,Small Positions,Inconsistent
0xbee1707d6b44d4d52bfe19e41f8a828645437aab,2025-01-04,147.445788,35,27,1226.783142857143,42937.41,18,17,0.7714285714285715,1.0588235294117647,73,Greed,Greed,Frequent,Small Positions,Inconsistent
0xbee1707d6b44d4d52bfe19e41f8a828645437aab,2025-01-05,1364.022527,131,43,2448.466488549618,320749.11,87,44,0.3282442748091603,1.9772727272727273,72,Greed,Greed,Frequent,Small Positions,Inconsistent
0xbee1707d6b44d4d52bfe19e41f8a828645437aab,2025-02-02,-329.680689,131,38,1839.5793129770993,240984.89,73,58,0.2900763358778626,1.2586206896551724,60,Greed,Greed,Frequent,Small Positions,Inconsistent
0xbee1707d6b44d4d52bfe19e41f8a828645437aab,2025-02-03,2576.6453030000002,102,55,1921.2604901960785,195968.57,32,70,0.5392156862745098,0.45714285714285713,44,Fear,Fear,Frequent,Small Positions,Inconsistent
0xbee1707d6b44d4d52bfe19e41f8a828645437aab,2025-02-04,1842.839943,118,76,991.0424576271186,116943.01,53,65,0.6440677966101694,0.8153846153846154,72,Greed,Greed,Frequent,Small Positions,Inconsistent
0xbee1707d6b44d4d52bfe19e41f8a828645437aab,2025-03-02,5803.573999,325,138,1758.0771384615382,571375.07,126,199,0.4246153846153846,0.6331658291457286,26,Fear,Fear,Frequent,Small Positions,Inconsistent
0xbee1707d6b44d4d52bfe19e41f8a828645437aab,2025-03-03,2448.046511,73,48,1970.5965753424655,143853.55,56,17,0.6575342465753424,3.2941176470588234,33,Fear,Fear,Frequent,Small Positions,Inconsistent
0xbee1707d6b44d4d52bfe19e41f8a828645437aab,2025-03-04,-3368.876326,261,0,1706.5415708812259,445407.35,192,69,0.0,2.782608695652174,15,Extreme Fear,Fear,Frequent,Small Positions,Inconsistent
0xbee1707d6b44d4d52bfe19e41f8a828645437aab,2025-04-02,806.765131,248,71,1351.8856048387097,335267.63,99,149,0.2862903225806452,0.6644295302013423,44,Fear,Fear,Frequent,Small Positions,Inconsistent
0xbee1707d6b44d4d52bfe19e41f8a828645437aab,2025-04-03,-4934.6700519999995,979,377,1496.3304392236976,1464907.5,480,499,0.38508682328907046,0.9619238476953907,25,Fear,Fear,Frequent,Small Positions,Inconsistent
0xbee1707d6b44d4d52bfe19e41f8a828645437aab,2025-04-04,-4513.160132,326,52,1419.9448159509202,462902.01,122,204,0.15950920245398773,0.5980392156862745,28,Fear,Fear,Frequent,Small Positions,Inconsistent
0xbee1707d6b44d4d52bfe19e41f8a828645437aab,2025-05-02,713.82809,14,11,3668.815,51363.41,11,3,0.7857142857142857,3.6666666666666665,67,Greed,Greed,Frequent,Small Positions,Inconsistent
